Anzsic,Anzsic_description,Period,Data_value,Variable,Units,Gas,Status
ZPZ,Primary industries,2014Q1,11316,Seasonally adjusted,Kilotonnes,Carbon dioxide equivalents,P
ZPZ,Primary industries,2014Q2,11178,Seasonally adjusted,Kilotonnes,Carbon dioxide equivalents,P
ZPZ,Primary industries,2014Q3,11126,Seasonally adjusted,Kilotonnes,Carbon dioxide equivalents,P
ZPZ,Primary industries,2014Q4,11118,Seasonally adjusted,Kilotonnes,Carbon dioxide equivalents,P
ZPZ,Primary industries,2015Q1,11064,Seasonally adjusted,Kilotonnes,Carbon dioxide equivalents,P
ZPZ,Primary industries,2015Q2,11088,Seasonally adjusted,Kilotonnes,Carbon dioxide equivalents,P
ZPZ,Primary industries,2015Q3,11061,Seasonally adjusted,Kilotonnes,Carbon dioxide equivalents,P
ZPZ,Primary industries,2015Q4,11033,Seasonally adjusted,Kilotonnes,Carbon dioxide equivalents,P
ZPZ,Primary industries,2016Q1,10941,Seasonally adjusted,Kilotonnes,Carbon dioxide equivalents,P
ZPZ,Primary industries,2016Q2,10874,Seasonally adjusted,Kilotonnes,Carbon dioxide equivalents,P
ZPZ,Primary industries,2016Q3,10888,Seasonally adjusted,Kilotonnes,Carbon dioxide equivalents,P
ZPZ,Primary industries,2016Q4,10888,Seasonally adjusted,Kilotonnes,Carbon dioxide equivalents,P
ZPZ,Primary industries,2017Q1,10815,Seasonally adjusted,Kilotonnes,Carbon dioxide equivalents,P
ZPZ,Primary industries,2017Q2,10841,Seasonally adjusted,Kilotonnes,Carbon dioxide equivalents,P
ZPZ,Primary industries,2017Q3,10981,Seasonally adjusted,Kilotonnes,Carbon dioxide equivalents,P
ZPZ,Primary industries,2017Q4,11019,Seasonally adjusted,Kilotonnes,Carbon dioxide equivalents,P
ZPZ,Primary industries,2018Q1,10881,Seasonally adjusted,Kilotonnes,Carbon dioxide equivalents,P
ZPZ,Primary industries,2018Q2,10917,Seasonally adjusted,Kilotonnes,Carbon dioxide equivalents,P
ZPZ,Primary industries,2018Q3,11091,Seasonally adjusted,Kilotonnes,Carbon dioxide equivalents,P
ZPZ,Primary industries,2018Q4,11035,Seasonally adjusted,Kilotonnes,Carbon dioxide equivalents,P
ZPZ,Primary industries,2019Q1,11213,Seasonally adjusted,Kilotonnes,Carbon dioxide equivalents,P
ZPZ,Primary industries,2019Q2,11174,Seasonally adjusted,Kilotonnes,Carbon dioxide equivalents,P
ZPZ,Primary industries,2019Q3,10893,Seasonally adjusted,Kilotonnes,Carbon dioxide equivalents,P
ZPZ,Primary industries,2019Q4,10987,Seasonally adjusted,Kilotonnes,Carbon dioxide equivalents,P
ZPZ,Primary industries,2020Q1,11075,Seasonally adjusted,Kilotonnes,Carbon dioxide equivalents,P
ZPZ,Primary industries,2020Q2,10910,Seasonally adjusted,Kilotonnes,Carbon dioxide equivalents,P
ZPZ,Primary industries,2020Q3,10945,Seasonally adjusted,Kilotonnes,Carbon dioxide equivalents,P
ZPZ,Primary industries,2020Q4,11014,Seasonally adjusted,Kilotonnes,Carbon dioxide equivalents,P
ZPZ,Primary industries,2021Q1,11036,Seasonally adjusted,Kilotonnes,Carbon dioxide equivalents,P
ZPZ,Primary industries,2021Q2,11083,Seasonally adjusted,Kilotonnes,Carbon dioxide equivalents,P
ZPZ,Primary industries,2021Q3,10909,Seasonally adjusted,Kilotonnes,Carbon dioxide equivalents,P
ZPZ,Primary industries,2021Q4,10987,Seasonally adjusted,Kilotonnes,Carbon dioxide equivalents,P
ZPZ,Primary industries,2022Q1,10886,Seasonally adjusted,Kilotonnes,Carbon dioxide equivalents,P
ZPZ,Primary industries,2022Q2,10856,Seasonally adjusted,Kilotonnes,Carbon dioxide equivalents,P
AAZ,"Agriculture, forestry, fishing",2014Q1,10900,Seasonally adjusted,Kilotonnes,Carbon dioxide equivalents,P
AAZ,"Agriculture, forestry, fishing",2014Q2,10776,Seasonally adjusted,Kilotonnes,Carbon dioxide equivalents,P
AAZ,"Agriculture, forestry, fishing",2014Q3,10736,Seasonally adjusted,Kilotonnes,Carbon dioxide equivalents,P
AAZ,"Agriculture, forestry, fishing",2014Q4,10734,Seasonally adjusted,Kilotonnes,Carbon dioxide equivalents,P
AAZ,"Agriculture, forestry, fishing",2015Q1,10668,Seasonally adjusted,Kilotonnes,Carbon dioxide equivalents,P
AAZ,"Agriculture, forestry, fishing",2015Q2,10649,Seasonally adjusted,Kilotonnes,Carbon dioxide equivalents,P
AAZ,"Agriculture, forestry, fishing",2015Q3,10625,Seasonally adjusted,Kilotonnes,Carbon dioxide equivalents,P
AAZ,"Agriculture, forestry, fishing",2015Q4,10611,Seasonally adjusted,Kilotonnes,Carbon dioxide equivalents,P
AAZ,"Agriculture, forestry, fishing",2016Q1,10536,Seasonally adjusted,Kilotonnes,Carbon dioxide equivalents,P
AAZ,"Agriculture, forestry, fishing",2016Q2,10506,Seasonally adjusted,Kilotonnes,Carbon dioxide equivalents,P
AAZ,"Agriculture, forestry, fishing",2016Q3,10499,Seasonally adjusted,Kilotonnes,Carbon dioxide equivalents,P
AAZ,"Agriculture, forestry, fishing",2016Q4,10523,Seasonally adjusted,Kilotonnes,Carbon dioxide equivalents,P
AAZ,"Agriculture, forestry, fishing",2017Q1,10455,Seasonally adjusted,Kilotonnes,Carbon dioxide equivalents,P
AAZ,"Agriculture, forestry, fishing",2017Q2,10476,Seasonally adjusted,Kilotonnes,Carbon dioxide equivalents,P
AAZ,"Agriculture, forestry, fishing",2017Q3,10621,Seasonally adjusted,Kilotonnes,Carbon dioxide equivalents,P
AAZ,"Agriculture, forestry, fishing",2017Q4,10631,Seasonally adjusted,Kilotonnes,Carbon dioxide equivalents,P
AAZ,"Agriculture, forestry, fishing",2018Q1,10509,Seasonally adjusted,Kilotonnes,Carbon dioxide equivalents,P
AAZ,"Agriculture, forestry, fishing",2018Q2,10548,Seasonally adjusted,Kilotonnes,Carbon dioxide equivalents,P
AAZ,"Agriculture, forestry, fishing",2018Q3,10753,Seasonally adjusted,Kilotonnes,Carbon dioxide equivalents,P
AAZ,"Agriculture, forestry, fishing",2018Q4,10706,Seasonally adjusted,Kilotonnes,Carbon dioxide equivalents,P
AAZ,"Agriculture, forestry, fishing",2019Q1,10865,Seasonally adjusted,Kilotonnes,Carbon dioxide equivalents,P
AAZ,"Agriculture, forestry, fishing",2019Q2,10809,Seasonally adjusted,Kilotonnes,Carbon dioxide equivalents,P
AAZ,"Agriculture, forestry, fishing",2019Q3,10541,Seasonally adjusted,Kilotonnes,Carbon dioxide equivalents,P
AAZ,"Agriculture, forestry, fishing",2019Q4,10635,Seasonally adjusted,Kilotonnes,Carbon dioxide equivalents,P
AAZ,"Agriculture, forestry, fishing",2020Q1,10742,Seasonally adjusted,Kilotonnes,Carbon dioxide equivalents,P
AAZ,"Agriculture, forestry, fishing",2020Q2,10627,Seasonally adjusted,Kilotonnes,Carbon dioxide equivalents,P
AAZ,"Agriculture, forestry, fishing",2020Q3,10653,Seasonally adjusted,Kilotonnes,Carbon dioxide equivalents,P
AAZ,"Agriculture, forestry, fishing",2020Q4,10708,Seasonally adjusted,Kilotonnes,Carbon dioxide equivalents,P
AAZ,"Agriculture, forestry, fishing",2021Q1,10723,Seasonally adjusted,Kilotonnes,Carbon dioxide equivalents,P
AAZ,"Agriculture, forestry, fishing",2021Q2,10749,Seasonally adjusted,Kilotonnes,Carbon dioxide equivalents,P
AAZ,"Agriculture, forestry, fishing",2021Q3,10639,Seasonally adjusted,Kilotonnes,Carbon dioxide equivalents,P
AAZ,"Agriculture, forestry, fishing",2021Q4,10670,Seasonally adjusted,Kilotonnes,Carbon dioxide equivalents,P
AAZ,"Agriculture, forestry, fishing",2022Q1,10579,Seasonally adjusted,Kilotonnes,Carbon dioxide equivalents,P
AAZ,"Agriculture, forestry, fishing",2022Q2,10541,Seasonally adjusted,Kilotonnes,Carbon dioxide equivalents,P
BB1,Mining,2014Q1,407,Seasonally adjusted,Kilotonnes,Carbon dioxide equivalents,P
BB1,Mining,2014Q2,398,Seasonally adjusted,Kilotonnes,Carbon dioxide equivalents,P
BB1,Mining,2014Q3,408,Seasonally adjusted,Kilotonnes,Carbon dioxide equivalents,P
BB1,Mining,2014Q4,380,Seasonally adjusted,Kilotonnes,Carbon dioxide equivalents,P
BB1,Mining,2015Q1,389,Seasonally adjusted,Kilotonnes,Carbon dioxide equivalents,P
BB1,Mining,2015Q2,427,Seasonally adjusted,Kilotonnes,Carbon dioxide equivalents,P
BB1,Mining,2015Q3,446,Seasonally adjusted,Kilotonnes,Carbon dioxide equivalents,P
BB1,Mining,2015Q4,424,Seasonally adjusted,Kilotonnes,Carbon dioxide equivalents,P
BB1,Mining,2016Q1,403,Seasonally adjusted,Kilotonnes,Carbon dioxide equivalents,P
BB1,Mining,2016Q2,363,Seasonally adjusted,Kilotonnes,Carbon dioxide equivalents,P
BB1,Mining,2016Q3,398,Seasonally adjusted,Kilotonnes,Carbon dioxide equivalents,P
BB1,Mining,2016Q4,363,Seasonally adjusted,Kilotonnes,Carbon dioxide equivalents,P
BB1,Mining,2017Q1,356,Seasonally adjusted,Kilotonnes,Carbon dioxide equivalents,P
BB1,Mining,2017Q2,360,Seasonally adjusted,Kilotonnes,Carbon dioxide equivalents,P
BB1,Mining,2017Q3,364,Seasonally adjusted,Kilotonnes,Carbon dioxide equivalents,P
BB1,Mining,2017Q4,394,Seasonally adjusted,Kilotonnes,Carbon dioxide equivalents,P
BB1,Mining,2018Q1,375,Seasonally adjusted,Kilotonnes,Carbon dioxide equivalents,P
BB1,Mining,2018Q2,360,Seasonally adjusted,Kilotonnes,Carbon dioxide equivalents,P
BB1,Mining,2018Q3,341,Seasonally adjusted,Kilotonnes,Carbon dioxide equivalents,P
BB1,Mining,2018Q4,332,Seasonally adjusted,Kilotonnes,Carbon dioxide equivalents,P
BB1,Mining,2019Q1,350,Seasonally adjusted,Kilotonnes,Carbon dioxide equivalents,P
BB1,Mining,2019Q2,351,Seasonally adjusted,Kilotonnes,Carbon dioxide equivalents,P
BB1,Mining,2019Q3,355,Seasonally adjusted,Kilotonnes,Carbon dioxide equivalents,P
BB1,Mining,2019Q4,356,Seasonally adjusted,Kilotonnes,Carbon dioxide equivalents,P
BB1,Mining,2020Q1,337,Seasonally adjusted,Kilotonnes,Carbon dioxide equivalents,P
BB1,Mining,2020Q2,272,Seasonally adjusted,Kilotonnes,Carbon dioxide equivalents,P
BB1,Mining,2020Q3,308,Seasonally adjusted,Kilotonnes,Carbon dioxide equivalents,P
BB1,Mining,2020Q4,306,Seasonally adjusted,Kilotonnes,Carbon dioxide equivalents,P
BB1,Mining,2021Q1,315,Seasonally adjusted,Kilotonnes,Carbon dioxide equivalents,P
BB1,Mining,2021Q2,311,Seasonally adjusted,Kilotonnes,Carbon dioxide equivalents,P
BB1,Mining,2021Q3,294,Seasonally adjusted,Kilotonnes,Carbon dioxide equivalents,P
BB1,Mining,2021Q4,317,Seasonally adjusted,Kilotonnes,Carbon dioxide equivalents,P
BB1,Mining,2022Q1,309,Seasonally adjusted,Kilotonnes,Carbon dioxide equivalents,P
BB1,Mining,2022Q2,292,Seasonally adjusted,Kilotonnes,Carbon dioxide equivalents,P
ZGZ,Goods-producing industries,2014Q1,5070,Seasonally adjusted,Kilotonnes,Carbon dioxide equivalents,P
ZGZ,Goods-producing industries,2014Q2,5416,Seasonally adjusted,Kilotonnes,Carbon dioxide equivalents,P
ZGZ,Goods-producing industries,2014Q3,5452,Seasonally adjusted,Kilotonnes,Carbon dioxide equivalents,P
ZGZ,Goods-producing industries,2014Q4,5661,Seasonally adjusted,Kilotonnes,Carbon dioxide equivalents,P
ZGZ,Goods-producing industries,2015Q1,5642,Seasonally adjusted,Kilotonnes,Carbon dioxide equivalents,P
ZGZ,Goods-producing industries,2015Q2,5221,Seasonally adjusted,Kilotonnes,Carbon dioxide equivalents,P
ZGZ,Goods-producing industries,2015Q3,5212,Seasonally adjusted,Kilotonnes,Carbon dioxide equivalents,P
ZGZ,Goods-producing industries,2015Q4,5151,Seasonally adjusted,Kilotonnes,Carbon dioxide equivalents,P
ZGZ,Goods-producing industries,2016Q1,5113,Seasonally adjusted,Kilotonnes,Carbon dioxide equivalents,P
ZGZ,Goods-producing industries,2016Q2,5075,Seasonally adjusted,Kilotonnes,Carbon dioxide equivalents,P
ZGZ,Goods-producing industries,2016Q3,4969,Seasonally adjusted,Kilotonnes,Carbon dioxide equivalents,P
ZGZ,Goods-producing industries,2016Q4,4554,Seasonally adjusted,Kilotonnes,Carbon dioxide equivalents,P
ZGZ,Goods-producing industries,2017Q1,4833,Seasonally adjusted,Kilotonnes,Carbon dioxide equivalents,P
ZGZ,Goods-producing industries,2017Q2,5225,Seasonally adjusted,Kilotonnes,Carbon dioxide equivalents,P
ZGZ,Goods-producing industries,2017Q3,5113,Seasonally adjusted,Kilotonnes,Carbon dioxide equivalents,P
ZGZ,Goods-producing industries,2017Q4,5275,Seasonally adjusted,Kilotonnes,Carbon dioxide equivalents,P
ZGZ,Goods-producing industries,2018Q1,4938,Seasonally adjusted,Kilotonnes,Carbon dioxide equivalents,P
ZGZ,Goods-producing industries,2018Q2,4988,Seasonally adjusted,Kilotonnes,Carbon dioxide equivalents,P
ZGZ,Goods-producing industries,2018Q3,5074,Seasonally adjusted,Kilotonnes,Carbon dioxide equivalents,P
ZGZ,Goods-producing industries,2018Q4,5376,Seasonally adjusted,Kilotonnes,Carbon dioxide equivalents,P
ZGZ,Goods-producing industries,2019Q1,5540,Seasonally adjusted,Kilotonnes,Carbon dioxide equivalents,P
ZGZ,Goods-producing industries,2019Q2,5310,Seasonally adjusted,Kilotonnes,Carbon dioxide equivalents,P
ZGZ,Goods-producing industries,2019Q3,5282,Seasonally adjusted,Kilotonnes,Carbon dioxide equivalents,P
ZGZ,Goods-producing industries,2019Q4,5350,Seasonally adjusted,Kilotonnes,Carbon dioxide equivalents,P
ZGZ,Goods-producing industries,2020Q1,5051,Seasonally adjusted,Kilotonnes,Carbon dioxide equivalents,P
ZGZ,Goods-producing industries,2020Q2,4954,Seasonally adjusted,Kilotonnes,Carbon dioxide equivalents,P
ZGZ,Goods-producing industries,2020Q3,5423,Seasonally adjusted,Kilotonnes,Carbon dioxide equivalents,P
ZGZ,Goods-producing industries,2020Q4,5188,Seasonally adjusted,Kilotonnes,Carbon dioxide equivalents,P
ZGZ,Goods-producing industries,2021Q1,5326,Seasonally adjusted,Kilotonnes,Carbon dioxide equivalents,P
ZGZ,Goods-producing industries,2021Q2,5924,Seasonally adjusted,Kilotonnes,Carbon dioxide equivalents,P
ZGZ,Goods-producing industries,2021Q3,4482,Seasonally adjusted,Kilotonnes,Carbon dioxide equivalents,P
ZGZ,Goods-producing industries,2021Q4,4514,Seasonally adjusted,Kilotonnes,Carbon dioxide equivalents,P
ZGZ,Goods-producing industries,2022Q1,4787,Seasonally adjusted,Kilotonnes,Carbon dioxide equivalents,P
ZGZ,Goods-producing industries,2022Q2,4915,Seasonally adjusted,Kilotonnes,Carbon dioxide equivalents,P
CCZ,Manufacturing,2014Q1,2858,Seasonally adjusted,Kilotonnes,Carbon dioxide equivalents,P
CCZ,Manufacturing,2014Q2,3044,Seasonally adjusted,Kilotonnes,Carbon dioxide equivalents,P
CCZ,Manufacturing,2014Q3,3136,Seasonally adjusted,Kilotonnes,Carbon dioxide equivalents,P
CCZ,Manufacturing,2014Q4,3186,Seasonally adjusted,Kilotonnes,Carbon dioxide equivalents,P
CCZ,Manufacturing,2015Q1,3112,Seasonally adjusted,Kilotonnes,Carbon dioxide equivalents,P
CCZ,Manufacturing,2015Q2,3078,Seasonally adjusted,Kilotonnes,Carbon dioxide equivalents,P
CCZ,Manufacturing,2015Q3,2968,Seasonally adjusted,Kilotonnes,Carbon dioxide equivalents,P
CCZ,Manufacturing,2015Q4,2862,Seasonally adjusted,Kilotonnes,Carbon dioxide equivalents,P
CCZ,Manufacturing,2016Q1,2947,Seasonally adjusted,Kilotonnes,Carbon dioxide equivalents,P
CCZ,Manufacturing,2016Q2,2939,Seasonally adjusted,Kilotonnes,Carbon dioxide equivalents,P
CCZ,Manufacturing,2016Q3,2999,Seasonally adjusted,Kilotonnes,Carbon dioxide equivalents,P
CCZ,Manufacturing,2016Q4,2615,Seasonally adjusted,Kilotonnes,Carbon dioxide equivalents,P
CCZ,Manufacturing,2017Q1,2943,Seasonally adjusted,Kilotonnes,Carbon dioxide equivalents,P
CCZ,Manufacturing,2017Q2,2859,Seasonally adjusted,Kilotonnes,Carbon dioxide equivalents,P
CCZ,Manufacturing,2017Q3,2755,Seasonally adjusted,Kilotonnes,Carbon dioxide equivalents,P
CCZ,Manufacturing,2017Q4,2814,Seasonally adjusted,Kilotonnes,Carbon dioxide equivalents,P
CCZ,Manufacturing,2018Q1,2657,Seasonally adjusted,Kilotonnes,Carbon dioxide equivalents,P
CCZ,Manufacturing,2018Q2,2772,Seasonally adjusted,Kilotonnes,Carbon dioxide equivalents,P
CCZ,Manufacturing,2018Q3,2962,Seasonally adjusted,Kilotonnes,Carbon dioxide equivalents,P
CCZ,Manufacturing,2018Q4,2800,Seasonally adjusted,Kilotonnes,Carbon dioxide equivalents,P
CCZ,Manufacturing,2019Q1,2955,Seasonally adjusted,Kilotonnes,Carbon dioxide equivalents,P
CCZ,Manufacturing,2019Q2,2901,Seasonally adjusted,Kilotonnes,Carbon dioxide equivalents,P
CCZ,Manufacturing,2019Q3,2899,Seasonally adjusted,Kilotonnes,Carbon dioxide equivalents,P
CCZ,Manufacturing,2019Q4,2934,Seasonally adjusted,Kilotonnes,Carbon dioxide equivalents,P
CCZ,Manufacturing,2020Q1,2664,Seasonally adjusted,Kilotonnes,Carbon dioxide equivalents,P
CCZ,Manufacturing,2020Q2,2612,Seasonally adjusted,Kilotonnes,Carbon dioxide equivalents,P
CCZ,Manufacturing,2020Q3,2638,Seasonally adjusted,Kilotonnes,Carbon dioxide equivalents,P
CCZ,Manufacturing,2020Q4,2668,Seasonally adjusted,Kilotonnes,Carbon dioxide equivalents,P
CCZ,Manufacturing,2021Q1,2652,Seasonally adjusted,Kilotonnes,Carbon dioxide equivalents,P
CCZ,Manufacturing,2021Q2,2647,Seasonally adjusted,Kilotonnes,Carbon dioxide equivalents,P
CCZ,Manufacturing,2021Q3,2392,Seasonally adjusted,Kilotonnes,Carbon dioxide equivalents,P
CCZ,Manufacturing,2021Q4,2540,Seasonally adjusted,Kilotonnes,Carbon dioxide equivalents,P
CCZ,Manufacturing,2022Q1,2601,Seasonally adjusted,Kilotonnes,Carbon dioxide equivalents,P
CCZ,Manufacturing,2022Q2,2407,Seasonally adjusted,Kilotonnes,Carbon dioxide equivalents,P
DD1,"Electricity, gas, water, and waste services",2014Q1,2029,Seasonally adjusted,Kilotonnes,Carbon dioxide equivalents,P
DD1,"Electricity, gas, water, and waste services",2014Q2,2168,Seasonally adjusted,Kilotonnes,Carbon dioxide equivalents,P
DD1,"Electricity, gas, water, and waste services",2014Q3,2075,Seasonally adjusted,Kilotonnes,Carbon dioxide equivalents,P
DD1,"Electricity, gas, water, and waste services",2014Q4,2162,Seasonally adjusted,Kilotonnes,Carbon dioxide equivalents,P
DD1,"Electricity, gas, water, and waste services",2015Q1,2328,Seasonally adjusted,Kilotonnes,Carbon dioxide equivalents,P
DD1,"Electricity, gas, water, and waste services",2015Q2,1941,Seasonally adjusted,Kilotonnes,Carbon dioxide equivalents,P
DD1,"Electricity, gas, water, and waste services",2015Q3,2027,Seasonally adjusted,Kilotonnes,Carbon dioxide equivalents,P
DD1,"Electricity, gas, water, and waste services",2015Q4,1993,Seasonally adjusted,Kilotonnes,Carbon dioxide equivalents,P
DD1,"Electricity, gas, water, and waste services",2016Q1,1956,Seasonally adjusted,Kilotonnes,Carbon dioxide equivalents,P
DD1,"Electricity, gas, water, and waste services",2016Q2,1905,Seasonally adjusted,Kilotonnes,Carbon dioxide equivalents,P
DD1,"Electricity, gas, water, and waste services",2016Q3,1741,Seasonally adjusted,Kilotonnes,Carbon dioxide equivalents,P
DD1,"Electricity, gas, water, and waste services",2016Q4,1575,Seasonally adjusted,Kilotonnes,Carbon dioxide equivalents,P
DD1,"Electricity, gas, water, and waste services",2017Q1,1593,Seasonally adjusted,Kilotonnes,Carbon dioxide equivalents,P
DD1,"Electricity, gas, water, and waste services",2017Q2,2053,Seasonally adjusted,Kilotonnes,Carbon dioxide equivalents,P
DD1,"Electricity, gas, water, and waste services",2017Q3,2111,Seasonally adjusted,Kilotonnes,Carbon dioxide equivalents,P
DD1,"Electricity, gas, water, and waste services",2017Q4,2000,Seasonally adjusted,Kilotonnes,Carbon dioxide equivalents,P
DD1,"Electricity, gas, water, and waste services",2018Q1,1933,Seasonally adjusted,Kilotonnes,Carbon dioxide equivalents,P
DD1,"Electricity, gas, water, and waste services",2018Q2,1782,Seasonally adjusted,Kilotonnes,Carbon dioxide equivalents,P
DD1,"Electricity, gas, water, and waste services",2018Q3,1836,Seasonally adjusted,Kilotonnes,Carbon dioxide equivalents,P
DD1,"Electricity, gas, water, and waste services",2018Q4,2066,Seasonally adjusted,Kilotonnes,Carbon dioxide equivalents,P
DD1,"Electricity, gas, water, and waste services",2019Q1,2216,Seasonally adjusted,Kilotonnes,Carbon dioxide equivalents,P
DD1,"Electricity, gas, water, and waste services",2019Q2,1967,Seasonally adjusted,Kilotonnes,Carbon dioxide equivalents,P
DD1,"Electricity, gas, water, and waste services",2019Q3,2176,Seasonally adjusted,Kilotonnes,Carbon dioxide equivalents,P
DD1,"Electricity, gas, water, and waste services",2019Q4,1861,Seasonally adjusted,Kilotonnes,Carbon dioxide equivalents,P
DD1,"Electricity, gas, water, and waste services",2020Q1,2062,Seasonally adjusted,Kilotonnes,Carbon dioxide equivalents,P
DD1,"Electricity, gas, water, and waste services",2020Q2,1996,Seasonally adjusted,Kilotonnes,Carbon dioxide equivalents,P
DD1,"Electricity, gas, water, and waste services",2020Q3,2561,Seasonally adjusted,Kilotonnes,Carbon dioxide equivalents,P
DD1,"Electricity, gas, water, and waste services",2020Q4,1936,Seasonally adjusted,Kilotonnes,Carbon dioxide equivalents,P
DD1,"Electricity, gas, water, and waste services",2021Q1,2339,Seasonally adjusted,Kilotonnes,Carbon dioxide equivalents,P
DD1,"Electricity, gas, water, and waste services",2021Q2,2708,Seasonally adjusted,Kilotonnes,Carbon dioxide equivalents,P
DD1,"Electricity, gas, water, and waste services",2021Q3,1923,Seasonally adjusted,Kilotonnes,Carbon dioxide equivalents,P
DD1,"Electricity, gas, water, and waste services",2021Q4,1363,Seasonally adjusted,Kilotonnes,Carbon dioxide equivalents,P
DD1,"Electricity, gas, water, and waste services",2022Q1,1863,Seasonally adjusted,Kilotonnes,Carbon dioxide equivalents,P
DD1,"Electricity, gas, water, and waste services",2022Q2,2020,Seasonally adjusted,Kilotonnes,Carbon dioxide equivalents,P
EE1,Construction,2014Q1,223,Seasonally adjusted,Kilotonnes,Carbon dioxide equivalents,P
EE1,Construction,2014Q2,226,Seasonally adjusted,Kilotonnes,Carbon dioxide equivalents,P
EE1,Construction,2014Q3,254,Seasonally adjusted,Kilotonnes,Carbon dioxide equivalents,P
EE1,Construction,2014Q4,235,Seasonally adjusted,Kilotonnes,Carbon dioxide equivalents,P
EE1,Construction,2015Q1,240,Seasonally adjusted,Kilotonnes,Carbon dioxide equivalents,P
EE1,Construction,2015Q2,240,Seasonally adjusted,Kilotonnes,Carbon dioxide equivalents,P
EE1,Construction,2015Q3,229,Seasonally adjusted,Kilotonnes,Carbon dioxide equivalents,P
EE1,Construction,2015Q4,232,Seasonally adjusted,Kilotonnes,Carbon dioxide equivalents,P
EE1,Construction,2016Q1,238,Seasonally adjusted,Kilotonnes,Carbon dioxide equivalents,P
EE1,Construction,2016Q2,253,Seasonally adjusted,Kilotonnes,Carbon dioxide equivalents,P
EE1,Construction,2016Q3,266,Seasonally adjusted,Kilotonnes,Carbon dioxide equivalents,P
EE1,Construction,2016Q4,299,Seasonally adjusted,Kilotonnes,Carbon dioxide equivalents,P
EE1,Construction,2017Q1,314,Seasonally adjusted,Kilotonnes,Carbon dioxide equivalents,P
EE1,Construction,2017Q2,292,Seasonally adjusted,Kilotonnes,Carbon dioxide equivalents,P
EE1,Construction,2017Q3,328,Seasonally adjusted,Kilotonnes,Carbon dioxide equivalents,P
EE1,Construction,2017Q4,383,Seasonally adjusted,Kilotonnes,Carbon dioxide equivalents,P
EE1,Construction,2018Q1,370,Seasonally adjusted,Kilotonnes,Carbon dioxide equivalents,P
EE1,Construction,2018Q2,400,Seasonally adjusted,Kilotonnes,Carbon dioxide equivalents,P
EE1,Construction,2018Q3,399,Seasonally adjusted,Kilotonnes,Carbon dioxide equivalents,P
EE1,Construction,2018Q4,418,Seasonally adjusted,Kilotonnes,Carbon dioxide equivalents,P
EE1,Construction,2019Q1,396,Seasonally adjusted,Kilotonnes,Carbon dioxide equivalents,P
EE1,Construction,2019Q2,383,Seasonally adjusted,Kilotonnes,Carbon dioxide equivalents,P
EE1,Construction,2019Q3,378,Seasonally adjusted,Kilotonnes,Carbon dioxide equivalents,P
EE1,Construction,2019Q4,396,Seasonally adjusted,Kilotonnes,Carbon dioxide equivalents,P
EE1,Construction,2020Q1,372,Seasonally adjusted,Kilotonnes,Carbon dioxide equivalents,P
EE1,Construction,2020Q2,268,Seasonally adjusted,Kilotonnes,Carbon dioxide equivalents,P
EE1,Construction,2020Q3,424,Seasonally adjusted,Kilotonnes,Carbon dioxide equivalents,P
EE1,Construction,2020Q4,406,Seasonally adjusted,Kilotonnes,Carbon dioxide equivalents,P
EE1,Construction,2021Q1,409,Seasonally adjusted,Kilotonnes,Carbon dioxide equivalents,P
EE1,Construction,2021Q2,419,Seasonally adjusted,Kilotonnes,Carbon dioxide equivalents,P
EE1,Construction,2021Q3,366,Seasonally adjusted,Kilotonnes,Carbon dioxide equivalents,P
EE1,Construction,2021Q4,406,Seasonally adjusted,Kilotonnes,Carbon dioxide equivalents,P
EE1,Construction,2022Q1,393,Seasonally adjusted,Kilotonnes,Carbon dioxide equivalents,P
EE1,Construction,2022Q2,384,Seasonally adjusted,Kilotonnes,Carbon dioxide equivalents,P
ZSZ,Service industries,2014Q1,2072,Seasonally adjusted,Kilotonnes,Carbon dioxide equivalents,P
ZSZ,Service industries,2014Q2,2083,Seasonally adjusted,Kilotonnes,Carbon dioxide equivalents,P
ZSZ,Service industries,2014Q3,2127,Seasonally adjusted,Kilotonnes,Carbon dioxide equivalents,P
ZSZ,Service industries,2014Q4,2144,Seasonally adjusted,Kilotonnes,Carbon dioxide equivalents,P
ZSZ,Service industries,2015Q1,2194,Seasonally adjusted,Kilotonnes,Carbon dioxide equivalents,P
ZSZ,Service industries,2015Q2,2247,Seasonally adjusted,Kilotonnes,Carbon dioxide equivalents,P
ZSZ,Service industries,2015Q3,2223,Seasonally adjusted,Kilotonnes,Carbon dioxide equivalents,P
ZSZ,Service industries,2015Q4,2278,Seasonally adjusted,Kilotonnes,Carbon dioxide equivalents,P
ZSZ,Service industries,2016Q1,2230,Seasonally adjusted,Kilotonnes,Carbon dioxide equivalents,P
ZSZ,Service industries,2016Q2,2244,Seasonally adjusted,Kilotonnes,Carbon dioxide equivalents,P
ZSZ,Service industries,2016Q3,2323,Seasonally adjusted,Kilotonnes,Carbon dioxide equivalents,P
ZSZ,Service industries,2016Q4,2300,Seasonally adjusted,Kilotonnes,Carbon dioxide equivalents,P
ZSZ,Service industries,2017Q1,2339,Seasonally adjusted,Kilotonnes,Carbon dioxide equivalents,P
ZSZ,Service industries,2017Q2,2374,Seasonally adjusted,Kilotonnes,Carbon dioxide equivalents,P
ZSZ,Service industries,2017Q3,2404,Seasonally adjusted,Kilotonnes,Carbon dioxide equivalents,P
ZSZ,Service industries,2017Q4,2383,Seasonally adjusted,Kilotonnes,Carbon dioxide equivalents,P
ZSZ,Service industries,2018Q1,2447,Seasonally adjusted,Kilotonnes,Carbon dioxide equivalents,P
ZSZ,Service industries,2018Q2,2419,Seasonally adjusted,Kilotonnes,Carbon dioxide equivalents,P
ZSZ,Service industries,2018Q3,2347,Seasonally adjusted,Kilotonnes,Carbon dioxide equivalents,P
ZSZ,Service industries,2018Q4,2457,Seasonally adjusted,Kilotonnes,Carbon dioxide equivalents,P
ZSZ,Service industries,2019Q1,2424,Seasonally adjusted,Kilotonnes,Carbon dioxide equivalents,P
ZSZ,Service industries,2019Q2,2457,Seasonally adjusted,Kilotonnes,Carbon dioxide equivalents,P
ZSZ,Service industries,2019Q3,2491,Seasonally adjusted,Kilotonnes,Carbon dioxide equivalents,P
ZSZ,Service industries,2019Q4,2491,Seasonally adjusted,Kilotonnes,Carbon dioxide equivalents,P
ZSZ,Service industries,2020Q1,2389,Seasonally adjusted,Kilotonnes,Carbon dioxide equivalents,P
ZSZ,Service industries,2020Q2,1504,Seasonally adjusted,Kilotonnes,Carbon dioxide equivalents,P
ZSZ,Service industries,2020Q3,1751,Seasonally adjusted,Kilotonnes,Carbon dioxide equivalents,P
ZSZ,Service industries,2020Q4,1842,Seasonally adjusted,Kilotonnes,Carbon dioxide equivalents,P
ZSZ,Service industries,2021Q1,1780,Seasonally adjusted,Kilotonnes,Carbon dioxide equivalents,P
ZSZ,Service industries,2021Q2,1967,Seasonally adjusted,Kilotonnes,Carbon dioxide equivalents,P
ZSZ,Service industries,2021Q3,1730,Seasonally adjusted,Kilotonnes,Carbon dioxide equivalents,P
ZSZ,Service industries,2021Q4,1779,Seasonally adjusted,Kilotonnes,Carbon dioxide equivalents,P
ZSZ,Service industries,2022Q1,1849,Seasonally adjusted,Kilotonnes,Carbon dioxide equivalents,P
ZSZ,Service industries,2022Q2,1962,Seasonally adjusted,Kilotonnes,Carbon dioxide equivalents,P
II1,"Transport, postal, and warehousing",2014Q1,1447,Seasonally adjusted,Kilotonnes,Carbon dioxide equivalents,P
II1,"Transport, postal, and warehousing",2014Q2,1458,Seasonally adjusted,Kilotonnes,Carbon dioxide equivalents,P
II1,"Transport, postal, and warehousing",2014Q3,1506,Seasonally adjusted,Kilotonnes,Carbon dioxide equivalents,P
II1,"Transport, postal, and warehousing",2014Q4,1516,Seasonally adjusted,Kilotonnes,Carbon dioxide equivalents,P
II1,"Transport, postal, and warehousing",2015Q1,1578,Seasonally adjusted,Kilotonnes,Carbon dioxide equivalents,P
II1,"Transport, postal, and warehousing",2015Q2,1637,Seasonally adjusted,Kilotonnes,Carbon dioxide equivalents,P
II1,"Transport, postal, and warehousing",2015Q3,1606,Seasonally adjusted,Kilotonnes,Carbon dioxide equivalents,P
II1,"Transport, postal, and warehousing",2015Q4,1654,Seasonally adjusted,Kilotonnes,Carbon dioxide equivalents,P
II1,"Transport, postal, and warehousing",2016Q1,1605,Seasonally adjusted,Kilotonnes,Carbon dioxide equivalents,P
II1,"Transport, postal, and warehousing",2016Q2,1618,Seasonally adjusted,Kilotonnes,Carbon dioxide equivalents,P
II1,"Transport, postal, and warehousing",2016Q3,1687,Seasonally adjusted,Kilotonnes,Carbon dioxide equivalents,P
II1,"Transport, postal, and warehousing",2016Q4,1671,Seasonally adjusted,Kilotonnes,Carbon dioxide equivalents,P
II1,"Transport, postal, and warehousing",2017Q1,1701,Seasonally adjusted,Kilotonnes,Carbon dioxide equivalents,P
II1,"Transport, postal, and warehousing",2017Q2,1729,Seasonally adjusted,Kilotonnes,Carbon dioxide equivalents,P
II1,"Transport, postal, and warehousing",2017Q3,1786,Seasonally adjusted,Kilotonnes,Carbon dioxide equivalents,P
II1,"Transport, postal, and warehousing",2017Q4,1733,Seasonally adjusted,Kilotonnes,Carbon dioxide equivalents,P
II1,"Transport, postal, and warehousing",2018Q1,1840,Seasonally adjusted,Kilotonnes,Carbon dioxide equivalents,P
II1,"Transport, postal, and warehousing",2018Q2,1788,Seasonally adjusted,Kilotonnes,Carbon dioxide equivalents,P
II1,"Transport, postal, and warehousing",2018Q3,1763,Seasonally adjusted,Kilotonnes,Carbon dioxide equivalents,P
II1,"Transport, postal, and warehousing",2018Q4,1831,Seasonally adjusted,Kilotonnes,Carbon dioxide equivalents,P
II1,"Transport, postal, and warehousing",2019Q1,1770,Seasonally adjusted,Kilotonnes,Carbon dioxide equivalents,P
II1,"Transport, postal, and warehousing",2019Q2,1781,Seasonally adjusted,Kilotonnes,Carbon dioxide equivalents,P
II1,"Transport, postal, and warehousing",2019Q3,1816,Seasonally adjusted,Kilotonnes,Carbon dioxide equivalents,P
II1,"Transport, postal, and warehousing",2019Q4,1787,Seasonally adjusted,Kilotonnes,Carbon dioxide equivalents,P
II1,"Transport, postal, and warehousing",2020Q1,1729,Seasonally adjusted,Kilotonnes,Carbon dioxide equivalents,P
II1,"Transport, postal, and warehousing",2020Q2,902,Seasonally adjusted,Kilotonnes,Carbon dioxide equivalents,P
II1,"Transport, postal, and warehousing",2020Q3,1091,Seasonally adjusted,Kilotonnes,Carbon dioxide equivalents,P
II1,"Transport, postal, and warehousing",2020Q4,1152,Seasonally adjusted,Kilotonnes,Carbon dioxide equivalents,P
II1,"Transport, postal, and warehousing",2021Q1,1137,Seasonally adjusted,Kilotonnes,Carbon dioxide equivalents,P
II1,"Transport, postal, and warehousing",2021Q2,1259,Seasonally adjusted,Kilotonnes,Carbon dioxide equivalents,P
II1,"Transport, postal, and warehousing",2021Q3,1100,Seasonally adjusted,Kilotonnes,Carbon dioxide equivalents,P
II1,"Transport, postal, and warehousing",2021Q4,1117,Seasonally adjusted,Kilotonnes,Carbon dioxide equivalents,P
II1,"Transport, postal, and warehousing",2022Q1,1158,Seasonally adjusted,Kilotonnes,Carbon dioxide equivalents,P
II1,"Transport, postal, and warehousing",2022Q2,1222,Seasonally adjusted,Kilotonnes,Carbon dioxide equivalents,P
ZSX,"Services excluding transport, postal, and warehousing",2014Q1,630,Seasonally adjusted,Kilotonnes,Carbon dioxide equivalents,P
ZSX,"Services excluding transport, postal, and warehousing",2014Q2,623,Seasonally adjusted,Kilotonnes,Carbon dioxide equivalents,P
ZSX,"Services excluding transport, postal, and warehousing",2014Q3,621,Seasonally adjusted,Kilotonnes,Carbon dioxide equivalents,P
ZSX,"Services excluding transport, postal, and warehousing",2014Q4,626,Seasonally adjusted,Kilotonnes,Carbon dioxide equivalents,P
ZSX,"Services excluding transport, postal, and warehousing",2015Q1,615,Seasonally adjusted,Kilotonnes,Carbon dioxide equivalents,P
ZSX,"Services excluding transport, postal, and warehousing",2015Q2,612,Seasonally adjusted,Kilotonnes,Carbon dioxide equivalents,P
ZSX,"Services excluding transport, postal, and warehousing",2015Q3,619,Seasonally adjusted,Kilotonnes,Carbon dioxide equivalents,P
ZSX,"Services excluding transport, postal, and warehousing",2015Q4,620,Seasonally adjusted,Kilotonnes,Carbon dioxide equivalents,P
ZSX,"Services excluding transport, postal, and warehousing",2016Q1,625,Seasonally adjusted,Kilotonnes,Carbon dioxide equivalents,P
ZSX,"Services excluding transport, postal, and warehousing",2016Q2,628,Seasonally adjusted,Kilotonnes,Carbon dioxide equivalents,P
ZSX,"Services excluding transport, postal, and warehousing",2016Q3,640,Seasonally adjusted,Kilotonnes,Carbon dioxide equivalents,P
ZSX,"Services excluding transport, postal, and warehousing",2016Q4,622,Seasonally adjusted,Kilotonnes,Carbon dioxide equivalents,P
ZSX,"Services excluding transport, postal, and warehousing",2017Q1,638,Seasonally adjusted,Kilotonnes,Carbon dioxide equivalents,P
ZSX,"Services excluding transport, postal, and warehousing",2017Q2,646,Seasonally adjusted,Kilotonnes,Carbon dioxide equivalents,P
ZSX,"Services excluding transport, postal, and warehousing",2017Q3,630,Seasonally adjusted,Kilotonnes,Carbon dioxide equivalents,P
ZSX,"Services excluding transport, postal, and warehousing",2017Q4,638,Seasonally adjusted,Kilotonnes,Carbon dioxide equivalents,P
ZSX,"Services excluding transport, postal, and warehousing",2018Q1,602,Seasonally adjusted,Kilotonnes,Carbon dioxide equivalents,P
ZSX,"Services excluding transport, postal, and warehousing",2018Q2,628,Seasonally adjusted,Kilotonnes,Carbon dioxide equivalents,P
ZSX,"Services excluding transport, postal, and warehousing",2018Q3,603,Seasonally adjusted,Kilotonnes,Carbon dioxide equivalents,P
ZSX,"Services excluding transport, postal, and warehousing",2018Q4,610,Seasonally adjusted,Kilotonnes,Carbon dioxide equivalents,P
ZSX,"Services excluding transport, postal, and warehousing",2019Q1,658,Seasonally adjusted,Kilotonnes,Carbon dioxide equivalents,P
ZSX,"Services excluding transport, postal, and warehousing",2019Q2,663,Seasonally adjusted,Kilotonnes,Carbon dioxide equivalents,P
ZSX,"Services excluding transport, postal, and warehousing",2019Q3,700,Seasonally adjusted,Kilotonnes,Carbon dioxide equivalents,P
ZSX,"Services excluding transport, postal, and warehousing",2019Q4,690,Seasonally adjusted,Kilotonnes,Carbon dioxide equivalents,P
ZSX,"Services excluding transport, postal, and warehousing",2020Q1,667,Seasonally adjusted,Kilotonnes,Carbon dioxide equivalents,P
ZSX,"Services excluding transport, postal, and warehousing",2020Q2,583,Seasonally adjusted,Kilotonnes,Carbon dioxide equivalents,P
ZSX,"Services excluding transport, postal, and warehousing",2020Q3,666,Seasonally adjusted,Kilotonnes,Carbon dioxide equivalents,P
ZSX,"Services excluding transport, postal, and warehousing",2020Q4,684,Seasonally adjusted,Kilotonnes,Carbon dioxide equivalents,P
ZSX,"Services excluding transport, postal, and warehousing",2021Q1,665,Seasonally adjusted,Kilotonnes,Carbon dioxide equivalents,P
ZSX,"Services excluding transport, postal, and warehousing",2021Q2,678,Seasonally adjusted,Kilotonnes,Carbon dioxide equivalents,P
ZSX,"Services excluding transport, postal, and warehousing",2021Q3,643,Seasonally adjusted,Kilotonnes,Carbon dioxide equivalents,P
ZSX,"Services excluding transport, postal, and warehousing",2021Q4,655,Seasonally adjusted,Kilotonnes,Carbon dioxide equivalents,P
ZSX,"Services excluding transport, postal, and warehousing",2022Q1,714,Seasonally adjusted,Kilotonnes,Carbon dioxide equivalents,P
ZSX,"Services excluding transport, postal, and warehousing",2022Q2,707,Seasonally adjusted,Kilotonnes,Carbon dioxide equivalents,P
ZZ9,Total industry,2014Q1,18463,Seasonally adjusted,Kilotonnes,Carbon dioxide equivalents,P
ZZ9,Total industry,2014Q2,18651,Seasonally adjusted,Kilotonnes,Carbon dioxide equivalents,P
ZZ9,Total industry,2014Q3,18741,Seasonally adjusted,Kilotonnes,Carbon dioxide equivalents,P
ZZ9,Total industry,2014Q4,18934,Seasonally adjusted,Kilotonnes,Carbon dioxide equivalents,P
ZZ9,Total industry,2015Q1,18841,Seasonally adjusted,Kilotonnes,Carbon dioxide equivalents,P
ZZ9,Total industry,2015Q2,18535,Seasonally adjusted,Kilotonnes,Carbon dioxide equivalents,P
ZZ9,Total industry,2015Q3,18532,Seasonally adjusted,Kilotonnes,Carbon dioxide equivalents,P
ZZ9,Total industry,2015Q4,18481,Seasonally adjusted,Kilotonnes,Carbon dioxide equivalents,P
ZZ9,Total industry,2016Q1,18249,Seasonally adjusted,Kilotonnes,Carbon dioxide equivalents,P
ZZ9,Total industry,2016Q2,18168,Seasonally adjusted,Kilotonnes,Carbon dioxide equivalents,P
ZZ9,Total industry,2016Q3,18233,Seasonally adjusted,Kilotonnes,Carbon dioxide equivalents,P
ZZ9,Total industry,2016Q4,17761,Seasonally adjusted,Kilotonnes,Carbon dioxide equivalents,P
ZZ9,Total industry,2017Q1,17953,Seasonally adjusted,Kilotonnes,Carbon dioxide equivalents,P
ZZ9,Total industry,2017Q2,18454,Seasonally adjusted,Kilotonnes,Carbon dioxide equivalents,P
ZZ9,Total industry,2017Q3,18563,Seasonally adjusted,Kilotonnes,Carbon dioxide equivalents,P
ZZ9,Total industry,2017Q4,18651,Seasonally adjusted,Kilotonnes,Carbon dioxide equivalents,P
ZZ9,Total industry,2018Q1,18234,Seasonally adjusted,Kilotonnes,Carbon dioxide equivalents,P
ZZ9,Total industry,2018Q2,18344,Seasonally adjusted,Kilotonnes,Carbon dioxide equivalents,P
ZZ9,Total industry,2018Q3,18550,Seasonally adjusted,Kilotonnes,Carbon dioxide equivalents,P
ZZ9,Total industry,2018Q4,18812,Seasonally adjusted,Kilotonnes,Carbon dioxide equivalents,P
ZZ9,Total industry,2019Q1,19136,Seasonally adjusted,Kilotonnes,Carbon dioxide equivalents,P
ZZ9,Total industry,2019Q2,19006,Seasonally adjusted,Kilotonnes,Carbon dioxide equivalents,P
ZZ9,Total industry,2019Q3,18693,Seasonally adjusted,Kilotonnes,Carbon dioxide equivalents,P
ZZ9,Total industry,2019Q4,18775,Seasonally adjusted,Kilotonnes,Carbon dioxide equivalents,P
ZZ9,Total industry,2020Q1,18517,Seasonally adjusted,Kilotonnes,Carbon dioxide equivalents,P
ZZ9,Total industry,2020Q2,17345,Seasonally adjusted,Kilotonnes,Carbon dioxide equivalents,P
ZZ9,Total industry,2020Q3,18084,Seasonally adjusted,Kilotonnes,Carbon dioxide equivalents,P
ZZ9,Total industry,2020Q4,18044,Seasonally adjusted,Kilotonnes,Carbon dioxide equivalents,P
ZZ9,Total industry,2021Q1,18160,Seasonally adjusted,Kilotonnes,Carbon dioxide equivalents,P
ZZ9,Total industry,2021Q2,19054,Seasonally adjusted,Kilotonnes,Carbon dioxide equivalents,P
ZZ9,Total industry,2021Q3,16999,Seasonally adjusted,Kilotonnes,Carbon dioxide equivalents,P
ZZ9,Total industry,2021Q4,17320,Seasonally adjusted,Kilotonnes,Carbon dioxide equivalents,P
ZZ9,Total industry,2022Q1,17551,Seasonally adjusted,Kilotonnes,Carbon dioxide equivalents,P
ZZ9,Total industry,2022Q2,17783,Seasonally adjusted,Kilotonnes,Carbon dioxide equivalents,P
HHD,Households,2014Q1,1969,Seasonally adjusted,Kilotonnes,Carbon dioxide equivalents,P
HHD,Households,2014Q2,2007,Seasonally adjusted,Kilotonnes,Carbon dioxide equivalents,P
HHD,Households,2014Q3,2047,Seasonally adjusted,Kilotonnes,Carbon dioxide equivalents,P
HHD,Households,2014Q4,2020,Seasonally adjusted,Kilotonnes,Carbon dioxide equivalents,P
HHD,Households,2015Q1,2074,Seasonally adjusted,Kilotonnes,Carbon dioxide equivalents,P
HHD,Households,2015Q2,2095,Seasonally adjusted,Kilotonnes,Carbon dioxide equivalents,P
HHD,Households,2015Q3,2114,Seasonally adjusted,Kilotonnes,Carbon dioxide equivalents,P
HHD,Households,2015Q4,2125,Seasonally adjusted,Kilotonnes,Carbon dioxide equivalents,P
HHD,Households,2016Q1,2121,Seasonally adjusted,Kilotonnes,Carbon dioxide equivalents,P
HHD,Households,2016Q2,2111,Seasonally adjusted,Kilotonnes,Carbon dioxide equivalents,P
HHD,Households,2016Q3,2161,Seasonally adjusted,Kilotonnes,Carbon dioxide equivalents,P
HHD,Households,2016Q4,2169,Seasonally adjusted,Kilotonnes,Carbon dioxide equivalents,P
HHD,Households,2017Q1,2239,Seasonally adjusted,Kilotonnes,Carbon dioxide equivalents,P
HHD,Households,2017Q2,2257,Seasonally adjusted,Kilotonnes,Carbon dioxide equivalents,P
HHD,Households,2017Q3,2232,Seasonally adjusted,Kilotonnes,Carbon dioxide equivalents,P
HHD,Households,2017Q4,2214,Seasonally adjusted,Kilotonnes,Carbon dioxide equivalents,P
HHD,Households,2018Q1,2227,Seasonally adjusted,Kilotonnes,Carbon dioxide equivalents,P
HHD,Households,2018Q2,2225,Seasonally adjusted,Kilotonnes,Carbon dioxide equivalents,P
HHD,Households,2018Q3,2230,Seasonally adjusted,Kilotonnes,Carbon dioxide equivalents,P
HHD,Households,2018Q4,2280,Seasonally adjusted,Kilotonnes,Carbon dioxide equivalents,P
HHD,Households,2019Q1,2240,Seasonally adjusted,Kilotonnes,Carbon dioxide equivalents,P
HHD,Households,2019Q2,2216,Seasonally adjusted,Kilotonnes,Carbon dioxide equivalents,P
HHD,Households,2019Q3,2227,Seasonally adjusted,Kilotonnes,Carbon dioxide equivalents,P
HHD,Households,2019Q4,2177,Seasonally adjusted,Kilotonnes,Carbon dioxide equivalents,P
HHD,Households,2020Q1,2125,Seasonally adjusted,Kilotonnes,Carbon dioxide equivalents,P
HHD,Households,2020Q2,1529,Seasonally adjusted,Kilotonnes,Carbon dioxide equivalents,P
HHD,Households,2020Q3,2110,Seasonally adjusted,Kilotonnes,Carbon dioxide equivalents,P
HHD,Households,2020Q4,2164,Seasonally adjusted,Kilotonnes,Carbon dioxide equivalents,P
HHD,Households,2021Q1,2132,Seasonally adjusted,Kilotonnes,Carbon dioxide equivalents,P
HHD,Households,2021Q2,2120,Seasonally adjusted,Kilotonnes,Carbon dioxide equivalents,P
HHD,Households,2021Q3,1856,Seasonally adjusted,Kilotonnes,Carbon dioxide equivalents,P
HHD,Households,2021Q4,1972,Seasonally adjusted,Kilotonnes,Carbon dioxide equivalents,P
HHD,Households,2022Q1,2035,Seasonally adjusted,Kilotonnes,Carbon dioxide equivalents,P
HHD,Households,2022Q2,1994,Seasonally adjusted,Kilotonnes,Carbon dioxide equivalents,P
HH1,Transport,2014Q1,1749,Seasonally adjusted,Kilotonnes,Carbon dioxide equivalents,P
HH1,Transport,2014Q2,1790,Seasonally adjusted,Kilotonnes,Carbon dioxide equivalents,P
HH1,Transport,2014Q3,1828,Seasonally adjusted,Kilotonnes,Carbon dioxide equivalents,P
HH1,Transport,2014Q4,1797,Seasonally adjusted,Kilotonnes,Carbon dioxide equivalents,P
HH1,Transport,2015Q1,1856,Seasonally adjusted,Kilotonnes,Carbon dioxide equivalents,P
HH1,Transport,2015Q2,1863,Seasonally adjusted,Kilotonnes,Carbon dioxide equivalents,P
HH1,Transport,2015Q3,1873,Seasonally adjusted,Kilotonnes,Carbon dioxide equivalents,P
HH1,Transport,2015Q4,1897,Seasonally adjusted,Kilotonnes,Carbon dioxide equivalents,P
HH1,Transport,2016Q1,1899,Seasonally adjusted,Kilotonnes,Carbon dioxide equivalents,P
HH1,Transport,2016Q2,1890,Seasonally adjusted,Kilotonnes,Carbon dioxide equivalents,P
HH1,Transport,2016Q3,1936,Seasonally adjusted,Kilotonnes,Carbon dioxide equivalents,P
HH1,Transport,2016Q4,1934,Seasonally adjusted,Kilotonnes,Carbon dioxide equivalents,P
HH1,Transport,2017Q1,1989,Seasonally adjusted,Kilotonnes,Carbon dioxide equivalents,P
HH1,Transport,2017Q2,2021,Seasonally adjusted,Kilotonnes,Carbon dioxide equivalents,P
HH1,Transport,2017Q3,1997,Seasonally adjusted,Kilotonnes,Carbon dioxide equivalents,P
HH1,Transport,2017Q4,1992,Seasonally adjusted,Kilotonnes,Carbon dioxide equivalents,P
HH1,Transport,2018Q1,1988,Seasonally adjusted,Kilotonnes,Carbon dioxide equivalents,P
HH1,Transport,2018Q2,1983,Seasonally adjusted,Kilotonnes,Carbon dioxide equivalents,P
HH1,Transport,2018Q3,2000,Seasonally adjusted,Kilotonnes,Carbon dioxide equivalents,P
HH1,Transport,2018Q4,2045,Seasonally adjusted,Kilotonnes,Carbon dioxide equivalents,P
HH1,Transport,2019Q1,2016,Seasonally adjusted,Kilotonnes,Carbon dioxide equivalents,P
HH1,Transport,2019Q2,1978,Seasonally adjusted,Kilotonnes,Carbon dioxide equivalents,P
HH1,Transport,2019Q3,1993,Seasonally adjusted,Kilotonnes,Carbon dioxide equivalents,P
HH1,Transport,2019Q4,1936,Seasonally adjusted,Kilotonnes,Carbon dioxide equivalents,P
HH1,Transport,2020Q1,1884,Seasonally adjusted,Kilotonnes,Carbon dioxide equivalents,P
HH1,Transport,2020Q2,1300,Seasonally adjusted,Kilotonnes,Carbon dioxide equivalents,P
HH1,Transport,2020Q3,1875,Seasonally adjusted,Kilotonnes,Carbon dioxide equivalents,P
HH1,Transport,2020Q4,1931,Seasonally adjusted,Kilotonnes,Carbon dioxide equivalents,P
HH1,Transport,2021Q1,1903,Seasonally adjusted,Kilotonnes,Carbon dioxide equivalents,P
HH1,Transport,2021Q2,1890,Seasonally adjusted,Kilotonnes,Carbon dioxide equivalents,P
HH1,Transport,2021Q3,1624,Seasonally adjusted,Kilotonnes,Carbon dioxide equivalents,P
HH1,Transport,2021Q4,1743,Seasonally adjusted,Kilotonnes,Carbon dioxide equivalents,P
HH1,Transport,2022Q1,1812,Seasonally adjusted,Kilotonnes,Carbon dioxide equivalents,P
HH1,Transport,2022Q2,1781,Seasonally adjusted,Kilotonnes,Carbon dioxide equivalents,P
HH2,Heating/cooling,2014Q1,160,Seasonally adjusted,Kilotonnes,Carbon dioxide equivalents,P
HH2,Heating/cooling,2014Q2,156,Seasonally adjusted,Kilotonnes,Carbon dioxide equivalents,P
HH2,Heating/cooling,2014Q3,156,Seasonally adjusted,Kilotonnes,Carbon dioxide equivalents,P
HH2,Heating/cooling,2014Q4,161,Seasonally adjusted,Kilotonnes,Carbon dioxide equivalents,P
HH2,Heating/cooling,2015Q1,155,Seasonally adjusted,Kilotonnes,Carbon dioxide equivalents,P
HH2,Heating/cooling,2015Q2,165,Seasonally adjusted,Kilotonnes,Carbon dioxide equivalents,P
HH2,Heating/cooling,2015Q3,170,Seasonally adjusted,Kilotonnes,Carbon dioxide equivalents,P
HH2,Heating/cooling,2015Q4,164,Seasonally adjusted,Kilotonnes,Carbon dioxide equivalents,P
HH2,Heating/cooling,2016Q1,154,Seasonally adjusted,Kilotonnes,Carbon dioxide equivalents,P
HH2,Heating/cooling,2016Q2,154,Seasonally adjusted,Kilotonnes,Carbon dioxide equivalents,P
HH2,Heating/cooling,2016Q3,160,Seasonally adjusted,Kilotonnes,Carbon dioxide equivalents,P
HH2,Heating/cooling,2016Q4,166,Seasonally adjusted,Kilotonnes,Carbon dioxide equivalents,P
HH2,Heating/cooling,2017Q1,181,Seasonally adjusted,Kilotonnes,Carbon dioxide equivalents,P
HH2,Heating/cooling,2017Q2,170,Seasonally adjusted,Kilotonnes,Carbon dioxide equivalents,P
HH2,Heating/cooling,2017Q3,167,Seasonally adjusted,Kilotonnes,Carbon dioxide equivalents,P
HH2,Heating/cooling,2017Q4,155,Seasonally adjusted,Kilotonnes,Carbon dioxide equivalents,P
HH2,Heating/cooling,2018Q1,173,Seasonally adjusted,Kilotonnes,Carbon dioxide equivalents,P
HH2,Heating/cooling,2018Q2,173,Seasonally adjusted,Kilotonnes,Carbon dioxide equivalents,P
HH2,Heating/cooling,2018Q3,163,Seasonally adjusted,Kilotonnes,Carbon dioxide equivalents,P
HH2,Heating/cooling,2018Q4,166,Seasonally adjusted,Kilotonnes,Carbon dioxide equivalents,P
HH2,Heating/cooling,2019Q1,158,Seasonally adjusted,Kilotonnes,Carbon dioxide equivalents,P
HH2,Heating/cooling,2019Q2,172,Seasonally adjusted,Kilotonnes,Carbon dioxide equivalents,P
HH2,Heating/cooling,2019Q3,169,Seasonally adjusted,Kilotonnes,Carbon dioxide equivalents,P
HH2,Heating/cooling,2019Q4,177,Seasonally adjusted,Kilotonnes,Carbon dioxide equivalents,P
HH2,Heating/cooling,2020Q1,178,Seasonally adjusted,Kilotonnes,Carbon dioxide equivalents,P
HH2,Heating/cooling,2020Q2,168,Seasonally adjusted,Kilotonnes,Carbon dioxide equivalents,P
HH2,Heating/cooling,2020Q3,174,Seasonally adjusted,Kilotonnes,Carbon dioxide equivalents,P
HH2,Heating/cooling,2020Q4,172,Seasonally adjusted,Kilotonnes,Carbon dioxide equivalents,P
HH2,Heating/cooling,2021Q1,168,Seasonally adjusted,Kilotonnes,Carbon dioxide equivalents,P
HH2,Heating/cooling,2021Q2,171,Seasonally adjusted,Kilotonnes,Carbon dioxide equivalents,P
HH2,Heating/cooling,2021Q3,173,Seasonally adjusted,Kilotonnes,Carbon dioxide equivalents,P
HH2,Heating/cooling,2021Q4,170,Seasonally adjusted,Kilotonnes,Carbon dioxide equivalents,P
HH2,Heating/cooling,2022Q1,164,Seasonally adjusted,Kilotonnes,Carbon dioxide equivalents,P
HH2,Heating/cooling,2022Q2,155,Seasonally adjusted,Kilotonnes,Carbon dioxide equivalents,P
HH3,Other,2014Q1,60,Seasonally adjusted,Kilotonnes,Carbon dioxide equivalents,P
HH3,Other,2014Q2,61,Seasonally adjusted,Kilotonnes,Carbon dioxide equivalents,P
HH3,Other,2014Q3,62,Seasonally adjusted,Kilotonnes,Carbon dioxide equivalents,P
HH3,Other,2014Q4,62,Seasonally adjusted,Kilotonnes,Carbon dioxide equivalents,P
HH3,Other,2015Q1,63,Seasonally adjusted,Kilotonnes,Carbon dioxide equivalents,P
HH3,Other,2015Q2,67,Seasonally adjusted,Kilotonnes,Carbon dioxide equivalents,P
HH3,Other,2015Q3,70,Seasonally adjusted,Kilotonnes,Carbon dioxide equivalents,P
HH3,Other,2015Q4,64,Seasonally adjusted,Kilotonnes,Carbon dioxide equivalents,P
HH3,Other,2016Q1,69,Seasonally adjusted,Kilotonnes,Carbon dioxide equivalents,P
HH3,Other,2016Q2,66,Seasonally adjusted,Kilotonnes,Carbon dioxide equivalents,P
HH3,Other,2016Q3,65,Seasonally adjusted,Kilotonnes,Carbon dioxide equivalents,P
HH3,Other,2016Q4,68,Seasonally adjusted,Kilotonnes,Carbon dioxide equivalents,P
HH3,Other,2017Q1,68,Seasonally adjusted,Kilotonnes,Carbon dioxide equivalents,P
HH3,Other,2017Q2,66,Seasonally adjusted,Kilotonnes,Carbon dioxide equivalents,P
HH3,Other,2017Q3,68,Seasonally adjusted,Kilotonnes,Carbon dioxide equivalents,P
HH3,Other,2017Q4,67,Seasonally adjusted,Kilotonnes,Carbon dioxide equivalents,P
HH3,Other,2018Q1,66,Seasonally adjusted,Kilotonnes,Carbon dioxide equivalents,P
HH3,Other,2018Q2,68,Seasonally adjusted,Kilotonnes,Carbon dioxide equivalents,P
HH3,Other,2018Q3,66,Seasonally adjusted,Kilotonnes,Carbon dioxide equivalents,P
HH3,Other,2018Q4,68,Seasonally adjusted,Kilotonnes,Carbon dioxide equivalents,P
HH3,Other,2019Q1,67,Seasonally adjusted,Kilotonnes,Carbon dioxide equivalents,P
HH3,Other,2019Q2,66,Seasonally adjusted,Kilotonnes,Carbon dioxide equivalents,P
HH3,Other,2019Q3,65,Seasonally adjusted,Kilotonnes,Carbon dioxide equivalents,P
HH3,Other,2019Q4,65,Seasonally adjusted,Kilotonnes,Carbon dioxide equivalents,P
HH3,Other,2020Q1,63,Seasonally adjusted,Kilotonnes,Carbon dioxide equivalents,P
HH3,Other,2020Q2,62,Seasonally adjusted,Kilotonnes,Carbon dioxide equivalents,P
HH3,Other,2020Q3,61,Seasonally adjusted,Kilotonnes,Carbon dioxide equivalents,P
HH3,Other,2020Q4,61,Seasonally adjusted,Kilotonnes,Carbon dioxide equivalents,P
HH3,Other,2021Q1,61,Seasonally adjusted,Kilotonnes,Carbon dioxide equivalents,P
HH3,Other,2021Q2,60,Seasonally adjusted,Kilotonnes,Carbon dioxide equivalents,P
HH3,Other,2021Q3,60,Seasonally adjusted,Kilotonnes,Carbon dioxide equivalents,P
HH3,Other,2021Q4,59,Seasonally adjusted,Kilotonnes,Carbon dioxide equivalents,P
HH3,Other,2022Q1,59,Seasonally adjusted,Kilotonnes,Carbon dioxide equivalents,P
HH3,Other,2022Q2,59,Seasonally adjusted,Kilotonnes,Carbon dioxide equivalents,P
ZZZ,Total,2014Q1,20434,Seasonally adjusted,Kilotonnes,Carbon dioxide equivalents,P
ZZZ,Total,2014Q2,20641,Seasonally adjusted,Kilotonnes,Carbon dioxide equivalents,P
ZZZ,Total,2014Q3,20790,Seasonally adjusted,Kilotonnes,Carbon dioxide equivalents,P
ZZZ,Total,2014Q4,20962,Seasonally adjusted,Kilotonnes,Carbon dioxide equivalents,P
ZZZ,Total,2015Q1,20918,Seasonally adjusted,Kilotonnes,Carbon dioxide equivalents,P
ZZZ,Total,2015Q2,20624,Seasonally adjusted,Kilotonnes,Carbon dioxide equivalents,P
ZZZ,Total,2015Q3,20658,Seasonally adjusted,Kilotonnes,Carbon dioxide equivalents,P
ZZZ,Total,2015Q4,20607,Seasonally adjusted,Kilotonnes,Carbon dioxide equivalents,P
ZZZ,Total,2016Q1,20365,Seasonally adjusted,Kilotonnes,Carbon dioxide equivalents,P
ZZZ,Total,2016Q2,20277,Seasonally adjusted,Kilotonnes,Carbon dioxide equivalents,P
ZZZ,Total,2016Q3,20405,Seasonally adjusted,Kilotonnes,Carbon dioxide equivalents,P
ZZZ,Total,2016Q4,19925,Seasonally adjusted,Kilotonnes,Carbon dioxide equivalents,P
ZZZ,Total,2017Q1,20160,Seasonally adjusted,Kilotonnes,Carbon dioxide equivalents,P
ZZZ,Total,2017Q2,20731,Seasonally adjusted,Kilotonnes,Carbon dioxide equivalents,P
ZZZ,Total,2017Q3,20804,Seasonally adjusted,Kilotonnes,Carbon dioxide equivalents,P
ZZZ,Total,2017Q4,20865,Seasonally adjusted,Kilotonnes,Carbon dioxide equivalents,P
ZZZ,Total,2018Q1,20438,Seasonally adjusted,Kilotonnes,Carbon dioxide equivalents,P
ZZZ,Total,2018Q2,20580,Seasonally adjusted,Kilotonnes,Carbon dioxide equivalents,P
ZZZ,Total,2018Q3,20797,Seasonally adjusted,Kilotonnes,Carbon dioxide equivalents,P
ZZZ,Total,2018Q4,21086,Seasonally adjusted,Kilotonnes,Carbon dioxide equivalents,P
ZZZ,Total,2019Q1,21366,Seasonally adjusted,Kilotonnes,Carbon dioxide equivalents,P
ZZZ,Total,2019Q2,21217,Seasonally adjusted,Kilotonnes,Carbon dioxide equivalents,P
ZZZ,Total,2019Q3,20951,Seasonally adjusted,Kilotonnes,Carbon dioxide equivalents,P
ZZZ,Total,2019Q4,20940,Seasonally adjusted,Kilotonnes,Carbon dioxide equivalents,P
ZZZ,Total,2020Q1,20635,Seasonally adjusted,Kilotonnes,Carbon dioxide equivalents,P
ZZZ,Total,2020Q2,18795,Seasonally adjusted,Kilotonnes,Carbon dioxide equivalents,P
ZZZ,Total,2020Q3,20249,Seasonally adjusted,Kilotonnes,Carbon dioxide equivalents,P
ZZZ,Total,2020Q4,20188,Seasonally adjusted,Kilotonnes,Carbon dioxide equivalents,P
ZZZ,Total,2021Q1,20282,Seasonally adjusted,Kilotonnes,Carbon dioxide equivalents,P
ZZZ,Total,2021Q2,21135,Seasonally adjusted,Kilotonnes,Carbon dioxide equivalents,P
ZZZ,Total,2021Q3,18915,Seasonally adjusted,Kilotonnes,Carbon dioxide equivalents,P
ZZZ,Total,2021Q4,19270,Seasonally adjusted,Kilotonnes,Carbon dioxide equivalents,P
ZZZ,Total,2022Q1,19579,Seasonally adjusted,Kilotonnes,Carbon dioxide equivalents,P
ZZZ,Total,2022Q2,19740,Seasonally adjusted,Kilotonnes,Carbon dioxide equivalents,P
ZPZ,Primary industries,2014Q1,12881,Actual,Kilotonnes,Carbon dioxide equivalents,P
ZPZ,Primary industries,2014Q2,9446,Actual,Kilotonnes,Carbon dioxide equivalents,P
ZPZ,Primary industries,2014Q3,10127,Actual,Kilotonnes,Carbon dioxide equivalents,P
ZPZ,Primary industries,2014Q4,12299,Actual,Kilotonnes,Carbon dioxide equivalents,P
ZPZ,Primary industries,2015Q1,12598,Actual,Kilotonnes,Carbon dioxide equivalents,P
ZPZ,Primary industries,2015Q2,9374,Actual,Kilotonnes,Carbon dioxide equivalents,P
ZPZ,Primary industries,2015Q3,10064,Actual,Kilotonnes,Carbon dioxide equivalents,P
ZPZ,Primary industries,2015Q4,12188,Actual,Kilotonnes,Carbon dioxide equivalents,P
ZPZ,Primary industries,2016Q1,12478,Actual,Kilotonnes,Carbon dioxide equivalents,P
ZPZ,Primary industries,2016Q2,9201,Actual,Kilotonnes,Carbon dioxide equivalents,P
ZPZ,Primary industries,2016Q3,9900,Actual,Kilotonnes,Carbon dioxide equivalents,P
ZPZ,Primary industries,2016Q4,11979,Actual,Kilotonnes,Carbon dioxide equivalents,P
ZPZ,Primary industries,2017Q1,12386,Actual,Kilotonnes,Carbon dioxide equivalents,P
ZPZ,Primary industries,2017Q2,9197,Actual,Kilotonnes,Carbon dioxide equivalents,P
ZPZ,Primary industries,2017Q3,9946,Actual,Kilotonnes,Carbon dioxide equivalents,P
ZPZ,Primary industries,2017Q4,12060,Actual,Kilotonnes,Carbon dioxide equivalents,P
ZPZ,Primary industries,2018Q1,12551,Actual,Kilotonnes,Carbon dioxide equivalents,P
ZPZ,Primary industries,2018Q2,9286,Actual,Kilotonnes,Carbon dioxide equivalents,P
ZPZ,Primary industries,2018Q3,9983,Actual,Kilotonnes,Carbon dioxide equivalents,P
ZPZ,Primary industries,2018Q4,12018,Actual,Kilotonnes,Carbon dioxide equivalents,P
ZPZ,Primary industries,2019Q1,13035,Actual,Kilotonnes,Carbon dioxide equivalents,P
ZPZ,Primary industries,2019Q2,9533,Actual,Kilotonnes,Carbon dioxide equivalents,P
ZPZ,Primary industries,2019Q3,9720,Actual,Kilotonnes,Carbon dioxide equivalents,P
ZPZ,Primary industries,2019Q4,11948,Actual,Kilotonnes,Carbon dioxide equivalents,P
ZPZ,Primary industries,2020Q1,12947,Actual,Kilotonnes,Carbon dioxide equivalents,P
ZPZ,Primary industries,2020Q2,9317,Actual,Kilotonnes,Carbon dioxide equivalents,P
ZPZ,Primary industries,2020Q3,9711,Actual,Kilotonnes,Carbon dioxide equivalents,P
ZPZ,Primary industries,2020Q4,11981,Actual,Kilotonnes,Carbon dioxide equivalents,P
ZPZ,Primary industries,2021Q1,12929,Actual,Kilotonnes,Carbon dioxide equivalents,P
ZPZ,Primary industries,2021Q2,9474,Actual,Kilotonnes,Carbon dioxide equivalents,P
ZPZ,Primary industries,2021Q3,9650,Actual,Kilotonnes,Carbon dioxide equivalents,P
ZPZ,Primary industries,2021Q4,11964,Actual,Kilotonnes,Carbon dioxide equivalents,P
ZPZ,Primary industries,2022Q1,12755,Actual,Kilotonnes,Carbon dioxide equivalents,P
ZPZ,Primary industries,2022Q2,9281,Actual,Kilotonnes,Carbon dioxide equivalents,P
AAZ,"Agriculture, forestry, fishing",2014Q1,12474,Actual,Kilotonnes,Carbon dioxide equivalents,P
AAZ,"Agriculture, forestry, fishing",2014Q2,9048,Actual,Kilotonnes,Carbon dioxide equivalents,P
AAZ,"Agriculture, forestry, fishing",2014Q3,9719,Actual,Kilotonnes,Carbon dioxide equivalents,P
AAZ,"Agriculture, forestry, fishing",2014Q4,11919,Actual,Kilotonnes,Carbon dioxide equivalents,P
AAZ,"Agriculture, forestry, fishing",2015Q1,12210,Actual,Kilotonnes,Carbon dioxide equivalents,P
AAZ,"Agriculture, forestry, fishing",2015Q2,8947,Actual,Kilotonnes,Carbon dioxide equivalents,P
AAZ,"Agriculture, forestry, fishing",2015Q3,9619,Actual,Kilotonnes,Carbon dioxide equivalents,P
AAZ,"Agriculture, forestry, fishing",2015Q4,11764,Actual,Kilotonnes,Carbon dioxide equivalents,P
AAZ,"Agriculture, forestry, fishing",2016Q1,12075,Actual,Kilotonnes,Carbon dioxide equivalents,P
AAZ,"Agriculture, forestry, fishing",2016Q2,8837,Actual,Kilotonnes,Carbon dioxide equivalents,P
AAZ,"Agriculture, forestry, fishing",2016Q3,9502,Actual,Kilotonnes,Carbon dioxide equivalents,P
AAZ,"Agriculture, forestry, fishing",2016Q4,11616,Actual,Kilotonnes,Carbon dioxide equivalents,P
AAZ,"Agriculture, forestry, fishing",2017Q1,12030,Actual,Kilotonnes,Carbon dioxide equivalents,P
AAZ,"Agriculture, forestry, fishing",2017Q2,8837,Actual,Kilotonnes,Carbon dioxide equivalents,P
AAZ,"Agriculture, forestry, fishing",2017Q3,9581,Actual,Kilotonnes,Carbon dioxide equivalents,P
AAZ,"Agriculture, forestry, fishing",2017Q4,11667,Actual,Kilotonnes,Carbon dioxide equivalents,P
AAZ,"Agriculture, forestry, fishing",2018Q1,12176,Actual,Kilotonnes,Carbon dioxide equivalents,P
AAZ,"Agriculture, forestry, fishing",2018Q2,8926,Actual,Kilotonnes,Carbon dioxide equivalents,P
AAZ,"Agriculture, forestry, fishing",2018Q3,9642,Actual,Kilotonnes,Carbon dioxide equivalents,P
AAZ,"Agriculture, forestry, fishing",2018Q4,11686,Actual,Kilotonnes,Carbon dioxide equivalents,P
AAZ,"Agriculture, forestry, fishing",2019Q1,12685,Actual,Kilotonnes,Carbon dioxide equivalents,P
AAZ,"Agriculture, forestry, fishing",2019Q2,9182,Actual,Kilotonnes,Carbon dioxide equivalents,P
AAZ,"Agriculture, forestry, fishing",2019Q3,9366,Actual,Kilotonnes,Carbon dioxide equivalents,P
AAZ,"Agriculture, forestry, fishing",2019Q4,11592,Actual,Kilotonnes,Carbon dioxide equivalents,P
AAZ,"Agriculture, forestry, fishing",2020Q1,12610,Actual,Kilotonnes,Carbon dioxide equivalents,P
AAZ,"Agriculture, forestry, fishing",2020Q2,9045,Actual,Kilotonnes,Carbon dioxide equivalents,P
AAZ,"Agriculture, forestry, fishing",2020Q3,9403,Actual,Kilotonnes,Carbon dioxide equivalents,P
AAZ,"Agriculture, forestry, fishing",2020Q4,11675,Actual,Kilotonnes,Carbon dioxide equivalents,P
AAZ,"Agriculture, forestry, fishing",2021Q1,12614,Actual,Kilotonnes,Carbon dioxide equivalents,P
AAZ,"Agriculture, forestry, fishing",2021Q2,9163,Actual,Kilotonnes,Carbon dioxide equivalents,P
AAZ,"Agriculture, forestry, fishing",2021Q3,9356,Actual,Kilotonnes,Carbon dioxide equivalents,P
AAZ,"Agriculture, forestry, fishing",2021Q4,11647,Actual,Kilotonnes,Carbon dioxide equivalents,P
AAZ,"Agriculture, forestry, fishing",2022Q1,12447,Actual,Kilotonnes,Carbon dioxide equivalents,P
AAZ,"Agriculture, forestry, fishing",2022Q2,8989,Actual,Kilotonnes,Carbon dioxide equivalents,P
BB1,Mining,2014Q1,407,Actual,Kilotonnes,Carbon dioxide equivalents,P
BB1,Mining,2014Q2,398,Actual,Kilotonnes,Carbon dioxide equivalents,P
BB1,Mining,2014Q3,408,Actual,Kilotonnes,Carbon dioxide equivalents,P
BB1,Mining,2014Q4,380,Actual,Kilotonnes,Carbon dioxide equivalents,P
BB1,Mining,2015Q1,389,Actual,Kilotonnes,Carbon dioxide equivalents,P
BB1,Mining,2015Q2,427,Actual,Kilotonnes,Carbon dioxide equivalents,P
BB1,Mining,2015Q3,446,Actual,Kilotonnes,Carbon dioxide equivalents,P
BB1,Mining,2015Q4,424,Actual,Kilotonnes,Carbon dioxide equivalents,P
BB1,Mining,2016Q1,403,Actual,Kilotonnes,Carbon dioxide equivalents,P
BB1,Mining,2016Q2,363,Actual,Kilotonnes,Carbon dioxide equivalents,P
BB1,Mining,2016Q3,398,Actual,Kilotonnes,Carbon dioxide equivalents,P
BB1,Mining,2016Q4,363,Actual,Kilotonnes,Carbon dioxide equivalents,P
BB1,Mining,2017Q1,356,Actual,Kilotonnes,Carbon dioxide equivalents,P
BB1,Mining,2017Q2,360,Actual,Kilotonnes,Carbon dioxide equivalents,P
BB1,Mining,2017Q3,364,Actual,Kilotonnes,Carbon dioxide equivalents,P
BB1,Mining,2017Q4,394,Actual,Kilotonnes,Carbon dioxide equivalents,P
BB1,Mining,2018Q1,375,Actual,Kilotonnes,Carbon dioxide equivalents,P
BB1,Mining,2018Q2,360,Actual,Kilotonnes,Carbon dioxide equivalents,P
BB1,Mining,2018Q3,341,Actual,Kilotonnes,Carbon dioxide equivalents,P
BB1,Mining,2018Q4,332,Actual,Kilotonnes,Carbon dioxide equivalents,P
BB1,Mining,2019Q1,350,Actual,Kilotonnes,Carbon dioxide equivalents,P
BB1,Mining,2019Q2,351,Actual,Kilotonnes,Carbon dioxide equivalents,P
BB1,Mining,2019Q3,355,Actual,Kilotonnes,Carbon dioxide equivalents,P
BB1,Mining,2019Q4,356,Actual,Kilotonnes,Carbon dioxide equivalents,P
BB1,Mining,2020Q1,337,Actual,Kilotonnes,Carbon dioxide equivalents,P
BB1,Mining,2020Q2,272,Actual,Kilotonnes,Carbon dioxide equivalents,P
BB1,Mining,2020Q3,308,Actual,Kilotonnes,Carbon dioxide equivalents,P
BB1,Mining,2020Q4,306,Actual,Kilotonnes,Carbon dioxide equivalents,P
BB1,Mining,2021Q1,315,Actual,Kilotonnes,Carbon dioxide equivalents,P
BB1,Mining,2021Q2,311,Actual,Kilotonnes,Carbon dioxide equivalents,P
BB1,Mining,2021Q3,294,Actual,Kilotonnes,Carbon dioxide equivalents,P
BB1,Mining,2021Q4,317,Actual,Kilotonnes,Carbon dioxide equivalents,P
BB1,Mining,2022Q1,309,Actual,Kilotonnes,Carbon dioxide equivalents,P
BB1,Mining,2022Q2,292,Actual,Kilotonnes,Carbon dioxide equivalents,P
ZGZ,Goods-producing industries,2014Q1,5151,Actual,Kilotonnes,Carbon dioxide equivalents,P
ZGZ,Goods-producing industries,2014Q2,5191,Actual,Kilotonnes,Carbon dioxide equivalents,P
ZGZ,Goods-producing industries,2014Q3,5395,Actual,Kilotonnes,Carbon dioxide equivalents,P
ZGZ,Goods-producing industries,2014Q4,5870,Actual,Kilotonnes,Carbon dioxide equivalents,P
ZGZ,Goods-producing industries,2015Q1,5725,Actual,Kilotonnes,Carbon dioxide equivalents,P
ZGZ,Goods-producing industries,2015Q2,5004,Actual,Kilotonnes,Carbon dioxide equivalents,P
ZGZ,Goods-producing industries,2015Q3,5157,Actual,Kilotonnes,Carbon dioxide equivalents,P
ZGZ,Goods-producing industries,2015Q4,5351,Actual,Kilotonnes,Carbon dioxide equivalents,P
ZGZ,Goods-producing industries,2016Q1,5185,Actual,Kilotonnes,Carbon dioxide equivalents,P
ZGZ,Goods-producing industries,2016Q2,4848,Actual,Kilotonnes,Carbon dioxide equivalents,P
ZGZ,Goods-producing industries,2016Q3,4927,Actual,Kilotonnes,Carbon dioxide equivalents,P
ZGZ,Goods-producing industries,2016Q4,4742,Actual,Kilotonnes,Carbon dioxide equivalents,P
ZGZ,Goods-producing industries,2017Q1,4897,Actual,Kilotonnes,Carbon dioxide equivalents,P
ZGZ,Goods-producing industries,2017Q2,4960,Actual,Kilotonnes,Carbon dioxide equivalents,P
ZGZ,Goods-producing industries,2017Q3,5104,Actual,Kilotonnes,Carbon dioxide equivalents,P
ZGZ,Goods-producing industries,2017Q4,5484,Actual,Kilotonnes,Carbon dioxide equivalents,P
ZGZ,Goods-producing industries,2018Q1,5009,Actual,Kilotonnes,Carbon dioxide equivalents,P
ZGZ,Goods-producing industries,2018Q2,4708,Actual,Kilotonnes,Carbon dioxide equivalents,P
ZGZ,Goods-producing industries,2018Q3,5100,Actual,Kilotonnes,Carbon dioxide equivalents,P
ZGZ,Goods-producing industries,2018Q4,5570,Actual,Kilotonnes,Carbon dioxide equivalents,P
ZGZ,Goods-producing industries,2019Q1,5630,Actual,Kilotonnes,Carbon dioxide equivalents,P
ZGZ,Goods-producing industries,2019Q2,4987,Actual,Kilotonnes,Carbon dioxide equivalents,P
ZGZ,Goods-producing industries,2019Q3,5348,Actual,Kilotonnes,Carbon dioxide equivalents,P
ZGZ,Goods-producing industries,2019Q4,5505,Actual,Kilotonnes,Carbon dioxide equivalents,P
ZGZ,Goods-producing industries,2020Q1,5157,Actual,Kilotonnes,Carbon dioxide equivalents,P
ZGZ,Goods-producing industries,2020Q2,4634,Actual,Kilotonnes,Carbon dioxide equivalents,P
ZGZ,Goods-producing industries,2020Q3,5518,Actual,Kilotonnes,Carbon dioxide equivalents,P
ZGZ,Goods-producing industries,2020Q4,5309,Actual,Kilotonnes,Carbon dioxide equivalents,P
ZGZ,Goods-producing industries,2021Q1,5459,Actual,Kilotonnes,Carbon dioxide equivalents,P
ZGZ,Goods-producing industries,2021Q2,5523,Actual,Kilotonnes,Carbon dioxide equivalents,P
ZGZ,Goods-producing industries,2021Q3,4579,Actual,Kilotonnes,Carbon dioxide equivalents,P
ZGZ,Goods-producing industries,2021Q4,4601,Actual,Kilotonnes,Carbon dioxide equivalents,P
ZGZ,Goods-producing industries,2022Q1,4918,Actual,Kilotonnes,Carbon dioxide equivalents,P
ZGZ,Goods-producing industries,2022Q2,4579,Actual,Kilotonnes,Carbon dioxide equivalents,P
CCZ,Manufacturing,2014Q1,2899,Actual,Kilotonnes,Carbon dioxide equivalents,P
CCZ,Manufacturing,2014Q2,2797,Actual,Kilotonnes,Carbon dioxide equivalents,P
CCZ,Manufacturing,2014Q3,3066,Actual,Kilotonnes,Carbon dioxide equivalents,P
CCZ,Manufacturing,2014Q4,3473,Actual,Kilotonnes,Carbon dioxide equivalents,P
CCZ,Manufacturing,2015Q1,3156,Actual,Kilotonnes,Carbon dioxide equivalents,P
CCZ,Manufacturing,2015Q2,2822,Actual,Kilotonnes,Carbon dioxide equivalents,P
CCZ,Manufacturing,2015Q3,2901,Actual,Kilotonnes,Carbon dioxide equivalents,P
CCZ,Manufacturing,2015Q4,3126,Actual,Kilotonnes,Carbon dioxide equivalents,P
CCZ,Manufacturing,2016Q1,2991,Actual,Kilotonnes,Carbon dioxide equivalents,P
CCZ,Manufacturing,2016Q2,2690,Actual,Kilotonnes,Carbon dioxide equivalents,P
CCZ,Manufacturing,2016Q3,2920,Actual,Kilotonnes,Carbon dioxide equivalents,P
CCZ,Manufacturing,2016Q4,2869,Actual,Kilotonnes,Carbon dioxide equivalents,P
CCZ,Manufacturing,2017Q1,2991,Actual,Kilotonnes,Carbon dioxide equivalents,P
CCZ,Manufacturing,2017Q2,2614,Actual,Kilotonnes,Carbon dioxide equivalents,P
CCZ,Manufacturing,2017Q3,2665,Actual,Kilotonnes,Carbon dioxide equivalents,P
CCZ,Manufacturing,2017Q4,3101,Actual,Kilotonnes,Carbon dioxide equivalents,P
CCZ,Manufacturing,2018Q1,2707,Actual,Kilotonnes,Carbon dioxide equivalents,P
CCZ,Manufacturing,2018Q2,2526,Actual,Kilotonnes,Carbon dioxide equivalents,P
CCZ,Manufacturing,2018Q3,2865,Actual,Kilotonnes,Carbon dioxide equivalents,P
CCZ,Manufacturing,2018Q4,3087,Actual,Kilotonnes,Carbon dioxide equivalents,P
CCZ,Manufacturing,2019Q1,3017,Actual,Kilotonnes,Carbon dioxide equivalents,P
CCZ,Manufacturing,2019Q2,2638,Actual,Kilotonnes,Carbon dioxide equivalents,P
CCZ,Manufacturing,2019Q3,2794,Actual,Kilotonnes,Carbon dioxide equivalents,P
CCZ,Manufacturing,2019Q4,3248,Actual,Kilotonnes,Carbon dioxide equivalents,P
CCZ,Manufacturing,2020Q1,2723,Actual,Kilotonnes,Carbon dioxide equivalents,P
CCZ,Manufacturing,2020Q2,2369,Actual,Kilotonnes,Carbon dioxide equivalents,P
CCZ,Manufacturing,2020Q3,2533,Actual,Kilotonnes,Carbon dioxide equivalents,P
CCZ,Manufacturing,2020Q4,2967,Actual,Kilotonnes,Carbon dioxide equivalents,P
CCZ,Manufacturing,2021Q1,2711,Actual,Kilotonnes,Carbon dioxide equivalents,P
CCZ,Manufacturing,2021Q2,2396,Actual,Kilotonnes,Carbon dioxide equivalents,P
CCZ,Manufacturing,2021Q3,2291,Actual,Kilotonnes,Carbon dioxide equivalents,P
CCZ,Manufacturing,2021Q4,2832,Actual,Kilotonnes,Carbon dioxide equivalents,P
CCZ,Manufacturing,2022Q1,2662,Actual,Kilotonnes,Carbon dioxide equivalents,P
CCZ,Manufacturing,2022Q2,2175,Actual,Kilotonnes,Carbon dioxide equivalents,P
DD1,"Electricity, gas, water, and waste services",2014Q1,2029,Actual,Kilotonnes,Carbon dioxide equivalents,P
DD1,"Electricity, gas, water, and waste services",2014Q2,2168,Actual,Kilotonnes,Carbon dioxide equivalents,P
DD1,"Electricity, gas, water, and waste services",2014Q3,2075,Actual,Kilotonnes,Carbon dioxide equivalents,P
DD1,"Electricity, gas, water, and waste services",2014Q4,2162,Actual,Kilotonnes,Carbon dioxide equivalents,P
DD1,"Electricity, gas, water, and waste services",2015Q1,2328,Actual,Kilotonnes,Carbon dioxide equivalents,P
DD1,"Electricity, gas, water, and waste services",2015Q2,1941,Actual,Kilotonnes,Carbon dioxide equivalents,P
DD1,"Electricity, gas, water, and waste services",2015Q3,2027,Actual,Kilotonnes,Carbon dioxide equivalents,P
DD1,"Electricity, gas, water, and waste services",2015Q4,1993,Actual,Kilotonnes,Carbon dioxide equivalents,P
DD1,"Electricity, gas, water, and waste services",2016Q1,1956,Actual,Kilotonnes,Carbon dioxide equivalents,P
DD1,"Electricity, gas, water, and waste services",2016Q2,1905,Actual,Kilotonnes,Carbon dioxide equivalents,P
DD1,"Electricity, gas, water, and waste services",2016Q3,1741,Actual,Kilotonnes,Carbon dioxide equivalents,P
DD1,"Electricity, gas, water, and waste services",2016Q4,1575,Actual,Kilotonnes,Carbon dioxide equivalents,P
DD1,"Electricity, gas, water, and waste services",2017Q1,1593,Actual,Kilotonnes,Carbon dioxide equivalents,P
DD1,"Electricity, gas, water, and waste services",2017Q2,2053,Actual,Kilotonnes,Carbon dioxide equivalents,P
DD1,"Electricity, gas, water, and waste services",2017Q3,2111,Actual,Kilotonnes,Carbon dioxide equivalents,P
DD1,"Electricity, gas, water, and waste services",2017Q4,2000,Actual,Kilotonnes,Carbon dioxide equivalents,P
DD1,"Electricity, gas, water, and waste services",2018Q1,1933,Actual,Kilotonnes,Carbon dioxide equivalents,P
DD1,"Electricity, gas, water, and waste services",2018Q2,1782,Actual,Kilotonnes,Carbon dioxide equivalents,P
DD1,"Electricity, gas, water, and waste services",2018Q3,1836,Actual,Kilotonnes,Carbon dioxide equivalents,P
DD1,"Electricity, gas, water, and waste services",2018Q4,2066,Actual,Kilotonnes,Carbon dioxide equivalents,P
DD1,"Electricity, gas, water, and waste services",2019Q1,2216,Actual,Kilotonnes,Carbon dioxide equivalents,P
DD1,"Electricity, gas, water, and waste services",2019Q2,1967,Actual,Kilotonnes,Carbon dioxide equivalents,P
DD1,"Electricity, gas, water, and waste services",2019Q3,2176,Actual,Kilotonnes,Carbon dioxide equivalents,P
DD1,"Electricity, gas, water, and waste services",2019Q4,1861,Actual,Kilotonnes,Carbon dioxide equivalents,P
DD1,"Electricity, gas, water, and waste services",2020Q1,2062,Actual,Kilotonnes,Carbon dioxide equivalents,P
DD1,"Electricity, gas, water, and waste services",2020Q2,1996,Actual,Kilotonnes,Carbon dioxide equivalents,P
DD1,"Electricity, gas, water, and waste services",2020Q3,2561,Actual,Kilotonnes,Carbon dioxide equivalents,P
DD1,"Electricity, gas, water, and waste services",2020Q4,1936,Actual,Kilotonnes,Carbon dioxide equivalents,P
DD1,"Electricity, gas, water, and waste services",2021Q1,2339,Actual,Kilotonnes,Carbon dioxide equivalents,P
DD1,"Electricity, gas, water, and waste services",2021Q2,2708,Actual,Kilotonnes,Carbon dioxide equivalents,P
DD1,"Electricity, gas, water, and waste services",2021Q3,1923,Actual,Kilotonnes,Carbon dioxide equivalents,P
DD1,"Electricity, gas, water, and waste services",2021Q4,1363,Actual,Kilotonnes,Carbon dioxide equivalents,P
DD1,"Electricity, gas, water, and waste services",2022Q1,1863,Actual,Kilotonnes,Carbon dioxide equivalents,P
DD1,"Electricity, gas, water, and waste services",2022Q2,2020,Actual,Kilotonnes,Carbon dioxide equivalents,P
EE1,Construction,2014Q1,223,Actual,Kilotonnes,Carbon dioxide equivalents,P
EE1,Construction,2014Q2,226,Actual,Kilotonnes,Carbon dioxide equivalents,P
EE1,Construction,2014Q3,254,Actual,Kilotonnes,Carbon dioxide equivalents,P
EE1,Construction,2014Q4,235,Actual,Kilotonnes,Carbon dioxide equivalents,P
EE1,Construction,2015Q1,240,Actual,Kilotonnes,Carbon dioxide equivalents,P
EE1,Construction,2015Q2,240,Actual,Kilotonnes,Carbon dioxide equivalents,P
EE1,Construction,2015Q3,229,Actual,Kilotonnes,Carbon dioxide equivalents,P
EE1,Construction,2015Q4,232,Actual,Kilotonnes,Carbon dioxide equivalents,P
EE1,Construction,2016Q1,238,Actual,Kilotonnes,Carbon dioxide equivalents,P
EE1,Construction,2016Q2,253,Actual,Kilotonnes,Carbon dioxide equivalents,P
EE1,Construction,2016Q3,266,Actual,Kilotonnes,Carbon dioxide equivalents,P
EE1,Construction,2016Q4,299,Actual,Kilotonnes,Carbon dioxide equivalents,P
EE1,Construction,2017Q1,314,Actual,Kilotonnes,Carbon dioxide equivalents,P
EE1,Construction,2017Q2,292,Actual,Kilotonnes,Carbon dioxide equivalents,P
EE1,Construction,2017Q3,328,Actual,Kilotonnes,Carbon dioxide equivalents,P
EE1,Construction,2017Q4,383,Actual,Kilotonnes,Carbon dioxide equivalents,P
EE1,Construction,2018Q1,370,Actual,Kilotonnes,Carbon dioxide equivalents,P
EE1,Construction,2018Q2,400,Actual,Kilotonnes,Carbon dioxide equivalents,P
EE1,Construction,2018Q3,399,Actual,Kilotonnes,Carbon dioxide equivalents,P
EE1,Construction,2018Q4,418,Actual,Kilotonnes,Carbon dioxide equivalents,P
EE1,Construction,2019Q1,396,Actual,Kilotonnes,Carbon dioxide equivalents,P
EE1,Construction,2019Q2,383,Actual,Kilotonnes,Carbon dioxide equivalents,P
EE1,Construction,2019Q3,378,Actual,Kilotonnes,Carbon dioxide equivalents,P
EE1,Construction,2019Q4,396,Actual,Kilotonnes,Carbon dioxide equivalents,P
EE1,Construction,2020Q1,372,Actual,Kilotonnes,Carbon dioxide equivalents,P
EE1,Construction,2020Q2,268,Actual,Kilotonnes,Carbon dioxide equivalents,P
EE1,Construction,2020Q3,424,Actual,Kilotonnes,Carbon dioxide equivalents,P
EE1,Construction,2020Q4,406,Actual,Kilotonnes,Carbon dioxide equivalents,P
EE1,Construction,2021Q1,409,Actual,Kilotonnes,Carbon dioxide equivalents,P
EE1,Construction,2021Q2,419,Actual,Kilotonnes,Carbon dioxide equivalents,P
EE1,Construction,2021Q3,366,Actual,Kilotonnes,Carbon dioxide equivalents,P
EE1,Construction,2021Q4,406,Actual,Kilotonnes,Carbon dioxide equivalents,P
EE1,Construction,2022Q1,393,Actual,Kilotonnes,Carbon dioxide equivalents,P
EE1,Construction,2022Q2,384,Actual,Kilotonnes,Carbon dioxide equivalents,P
ZSZ,Service industries,2014Q1,2078,Actual,Kilotonnes,Carbon dioxide equivalents,P
ZSZ,Service industries,2014Q2,2023,Actual,Kilotonnes,Carbon dioxide equivalents,P
ZSZ,Service industries,2014Q3,2175,Actual,Kilotonnes,Carbon dioxide equivalents,P
ZSZ,Service industries,2014Q4,2148,Actual,Kilotonnes,Carbon dioxide equivalents,P
ZSZ,Service industries,2015Q1,2203,Actual,Kilotonnes,Carbon dioxide equivalents,P
ZSZ,Service industries,2015Q2,2183,Actual,Kilotonnes,Carbon dioxide equivalents,P
ZSZ,Service industries,2015Q3,2270,Actual,Kilotonnes,Carbon dioxide equivalents,P
ZSZ,Service industries,2015Q4,2284,Actual,Kilotonnes,Carbon dioxide equivalents,P
ZSZ,Service industries,2016Q1,2243,Actual,Kilotonnes,Carbon dioxide equivalents,P
ZSZ,Service industries,2016Q2,2181,Actual,Kilotonnes,Carbon dioxide equivalents,P
ZSZ,Service industries,2016Q3,2364,Actual,Kilotonnes,Carbon dioxide equivalents,P
ZSZ,Service industries,2016Q4,2310,Actual,Kilotonnes,Carbon dioxide equivalents,P
ZSZ,Service industries,2017Q1,2356,Actual,Kilotonnes,Carbon dioxide equivalents,P
ZSZ,Service industries,2017Q2,2307,Actual,Kilotonnes,Carbon dioxide equivalents,P
ZSZ,Service industries,2017Q3,2438,Actual,Kilotonnes,Carbon dioxide equivalents,P
ZSZ,Service industries,2017Q4,2399,Actual,Kilotonnes,Carbon dioxide equivalents,P
ZSZ,Service industries,2018Q1,2469,Actual,Kilotonnes,Carbon dioxide equivalents,P
ZSZ,Service industries,2018Q2,2351,Actual,Kilotonnes,Carbon dioxide equivalents,P
ZSZ,Service industries,2018Q3,2370,Actual,Kilotonnes,Carbon dioxide equivalents,P
ZSZ,Service industries,2018Q4,2479,Actual,Kilotonnes,Carbon dioxide equivalents,P
ZSZ,Service industries,2019Q1,2448,Actual,Kilotonnes,Carbon dioxide equivalents,P
ZSZ,Service industries,2019Q2,2390,Actual,Kilotonnes,Carbon dioxide equivalents,P
ZSZ,Service industries,2019Q3,2505,Actual,Kilotonnes,Carbon dioxide equivalents,P
ZSZ,Service industries,2019Q4,2520,Actual,Kilotonnes,Carbon dioxide equivalents,P
ZSZ,Service industries,2020Q1,2413,Actual,Kilotonnes,Carbon dioxide equivalents,P
ZSZ,Service industries,2020Q2,1466,Actual,Kilotonnes,Carbon dioxide equivalents,P
ZSZ,Service industries,2020Q3,1755,Actual,Kilotonnes,Carbon dioxide equivalents,P
ZSZ,Service industries,2020Q4,1866,Actual,Kilotonnes,Carbon dioxide equivalents,P
ZSZ,Service industries,2021Q1,1797,Actual,Kilotonnes,Carbon dioxide equivalents,P
ZSZ,Service industries,2021Q2,1920,Actual,Kilotonnes,Carbon dioxide equivalents,P
ZSZ,Service industries,2021Q3,1731,Actual,Kilotonnes,Carbon dioxide equivalents,P
ZSZ,Service industries,2021Q4,1802,Actual,Kilotonnes,Carbon dioxide equivalents,P
ZSZ,Service industries,2022Q1,1865,Actual,Kilotonnes,Carbon dioxide equivalents,P
ZSZ,Service industries,2022Q2,1917,Actual,Kilotonnes,Carbon dioxide equivalents,P
II1,"Transport, postal, and warehousing",2014Q1,1496,Actual,Kilotonnes,Carbon dioxide equivalents,P
II1,"Transport, postal, and warehousing",2014Q2,1392,Actual,Kilotonnes,Carbon dioxide equivalents,P
II1,"Transport, postal, and warehousing",2014Q3,1511,Actual,Kilotonnes,Carbon dioxide equivalents,P
II1,"Transport, postal, and warehousing",2014Q4,1525,Actual,Kilotonnes,Carbon dioxide equivalents,P
II1,"Transport, postal, and warehousing",2015Q1,1635,Actual,Kilotonnes,Carbon dioxide equivalents,P
II1,"Transport, postal, and warehousing",2015Q2,1563,Actual,Kilotonnes,Carbon dioxide equivalents,P
II1,"Transport, postal, and warehousing",2015Q3,1609,Actual,Kilotonnes,Carbon dioxide equivalents,P
II1,"Transport, postal, and warehousing",2015Q4,1667,Actual,Kilotonnes,Carbon dioxide equivalents,P
II1,"Transport, postal, and warehousing",2016Q1,1664,Actual,Kilotonnes,Carbon dioxide equivalents,P
II1,"Transport, postal, and warehousing",2016Q2,1546,Actual,Kilotonnes,Carbon dioxide equivalents,P
II1,"Transport, postal, and warehousing",2016Q3,1681,Actual,Kilotonnes,Carbon dioxide equivalents,P
II1,"Transport, postal, and warehousing",2016Q4,1691,Actual,Kilotonnes,Carbon dioxide equivalents,P
II1,"Transport, postal, and warehousing",2017Q1,1765,Actual,Kilotonnes,Carbon dioxide equivalents,P
II1,"Transport, postal, and warehousing",2017Q2,1654,Actual,Kilotonnes,Carbon dioxide equivalents,P
II1,"Transport, postal, and warehousing",2017Q3,1767,Actual,Kilotonnes,Carbon dioxide equivalents,P
II1,"Transport, postal, and warehousing",2017Q4,1763,Actual,Kilotonnes,Carbon dioxide equivalents,P
II1,"Transport, postal, and warehousing",2018Q1,1909,Actual,Kilotonnes,Carbon dioxide equivalents,P
II1,"Transport, postal, and warehousing",2018Q2,1718,Actual,Kilotonnes,Carbon dioxide equivalents,P
II1,"Transport, postal, and warehousing",2018Q3,1728,Actual,Kilotonnes,Carbon dioxide equivalents,P
II1,"Transport, postal, and warehousing",2018Q4,1871,Actual,Kilotonnes,Carbon dioxide equivalents,P
II1,"Transport, postal, and warehousing",2019Q1,1835,Actual,Kilotonnes,Carbon dioxide equivalents,P
II1,"Transport, postal, and warehousing",2019Q2,1722,Actual,Kilotonnes,Carbon dioxide equivalents,P
II1,"Transport, postal, and warehousing",2019Q3,1760,Actual,Kilotonnes,Carbon dioxide equivalents,P
II1,"Transport, postal, and warehousing",2019Q4,1832,Actual,Kilotonnes,Carbon dioxide equivalents,P
II1,"Transport, postal, and warehousing",2020Q1,1791,Actual,Kilotonnes,Carbon dioxide equivalents,P
II1,"Transport, postal, and warehousing",2020Q2,880,Actual,Kilotonnes,Carbon dioxide equivalents,P
II1,"Transport, postal, and warehousing",2020Q3,1048,Actual,Kilotonnes,Carbon dioxide equivalents,P
II1,"Transport, postal, and warehousing",2020Q4,1184,Actual,Kilotonnes,Carbon dioxide equivalents,P
II1,"Transport, postal, and warehousing",2021Q1,1175,Actual,Kilotonnes,Carbon dioxide equivalents,P
II1,"Transport, postal, and warehousing",2021Q2,1239,Actual,Kilotonnes,Carbon dioxide equivalents,P
II1,"Transport, postal, and warehousing",2021Q3,1049,Actual,Kilotonnes,Carbon dioxide equivalents,P
II1,"Transport, postal, and warehousing",2021Q4,1148,Actual,Kilotonnes,Carbon dioxide equivalents,P
II1,"Transport, postal, and warehousing",2022Q1,1196,Actual,Kilotonnes,Carbon dioxide equivalents,P
II1,"Transport, postal, and warehousing",2022Q2,1209,Actual,Kilotonnes,Carbon dioxide equivalents,P
ZSX,"Services excluding transport, postal, and warehousing",2014Q1,582,Actual,Kilotonnes,Carbon dioxide equivalents,P
ZSX,"Services excluding transport, postal, and warehousing",2014Q2,631,Actual,Kilotonnes,Carbon dioxide equivalents,P
ZSX,"Services excluding transport, postal, and warehousing",2014Q3,663,Actual,Kilotonnes,Carbon dioxide equivalents,P
ZSX,"Services excluding transport, postal, and warehousing",2014Q4,623,Actual,Kilotonnes,Carbon dioxide equivalents,P
ZSX,"Services excluding transport, postal, and warehousing",2015Q1,568,Actual,Kilotonnes,Carbon dioxide equivalents,P
ZSX,"Services excluding transport, postal, and warehousing",2015Q2,620,Actual,Kilotonnes,Carbon dioxide equivalents,P
ZSX,"Services excluding transport, postal, and warehousing",2015Q3,661,Actual,Kilotonnes,Carbon dioxide equivalents,P
ZSX,"Services excluding transport, postal, and warehousing",2015Q4,617,Actual,Kilotonnes,Carbon dioxide equivalents,P
ZSX,"Services excluding transport, postal, and warehousing",2016Q1,579,Actual,Kilotonnes,Carbon dioxide equivalents,P
ZSX,"Services excluding transport, postal, and warehousing",2016Q2,635,Actual,Kilotonnes,Carbon dioxide equivalents,P
ZSX,"Services excluding transport, postal, and warehousing",2016Q3,683,Actual,Kilotonnes,Carbon dioxide equivalents,P
ZSX,"Services excluding transport, postal, and warehousing",2016Q4,619,Actual,Kilotonnes,Carbon dioxide equivalents,P
ZSX,"Services excluding transport, postal, and warehousing",2017Q1,591,Actual,Kilotonnes,Carbon dioxide equivalents,P
ZSX,"Services excluding transport, postal, and warehousing",2017Q2,652,Actual,Kilotonnes,Carbon dioxide equivalents,P
ZSX,"Services excluding transport, postal, and warehousing",2017Q3,671,Actual,Kilotonnes,Carbon dioxide equivalents,P
ZSX,"Services excluding transport, postal, and warehousing",2017Q4,635,Actual,Kilotonnes,Carbon dioxide equivalents,P
ZSX,"Services excluding transport, postal, and warehousing",2018Q1,560,Actual,Kilotonnes,Carbon dioxide equivalents,P
ZSX,"Services excluding transport, postal, and warehousing",2018Q2,633,Actual,Kilotonnes,Carbon dioxide equivalents,P
ZSX,"Services excluding transport, postal, and warehousing",2018Q3,642,Actual,Kilotonnes,Carbon dioxide equivalents,P
ZSX,"Services excluding transport, postal, and warehousing",2018Q4,608,Actual,Kilotonnes,Carbon dioxide equivalents,P
ZSX,"Services excluding transport, postal, and warehousing",2019Q1,613,Actual,Kilotonnes,Carbon dioxide equivalents,P
ZSX,"Services excluding transport, postal, and warehousing",2019Q2,668,Actual,Kilotonnes,Carbon dioxide equivalents,P
ZSX,"Services excluding transport, postal, and warehousing",2019Q3,745,Actual,Kilotonnes,Carbon dioxide equivalents,P
ZSX,"Services excluding transport, postal, and warehousing",2019Q4,687,Actual,Kilotonnes,Carbon dioxide equivalents,P
ZSX,"Services excluding transport, postal, and warehousing",2020Q1,622,Actual,Kilotonnes,Carbon dioxide equivalents,P
ZSX,"Services excluding transport, postal, and warehousing",2020Q2,586,Actual,Kilotonnes,Carbon dioxide equivalents,P
ZSX,"Services excluding transport, postal, and warehousing",2020Q3,707,Actual,Kilotonnes,Carbon dioxide equivalents,P
ZSX,"Services excluding transport, postal, and warehousing",2020Q4,682,Actual,Kilotonnes,Carbon dioxide equivalents,P
ZSX,"Services excluding transport, postal, and warehousing",2021Q1,621,Actual,Kilotonnes,Carbon dioxide equivalents,P
ZSX,"Services excluding transport, postal, and warehousing",2021Q2,681,Actual,Kilotonnes,Carbon dioxide equivalents,P
ZSX,"Services excluding transport, postal, and warehousing",2021Q3,682,Actual,Kilotonnes,Carbon dioxide equivalents,P
ZSX,"Services excluding transport, postal, and warehousing",2021Q4,654,Actual,Kilotonnes,Carbon dioxide equivalents,P
ZSX,"Services excluding transport, postal, and warehousing",2022Q1,669,Actual,Kilotonnes,Carbon dioxide equivalents,P
ZSX,"Services excluding transport, postal, and warehousing",2022Q2,708,Actual,Kilotonnes,Carbon dioxide equivalents,P
ZZ9,Total industry,2014Q1,20110,Actual,Kilotonnes,Carbon dioxide equivalents,P
ZZ9,Total industry,2014Q2,16660,Actual,Kilotonnes,Carbon dioxide equivalents,P
ZZ9,Total industry,2014Q3,17697,Actual,Kilotonnes,Carbon dioxide equivalents,P
ZZ9,Total industry,2014Q4,20318,Actual,Kilotonnes,Carbon dioxide equivalents,P
ZZ9,Total industry,2015Q1,20526,Actual,Kilotonnes,Carbon dioxide equivalents,P
ZZ9,Total industry,2015Q2,16560,Actual,Kilotonnes,Carbon dioxide equivalents,P
ZZ9,Total industry,2015Q3,17491,Actual,Kilotonnes,Carbon dioxide equivalents,P
ZZ9,Total industry,2015Q4,19823,Actual,Kilotonnes,Carbon dioxide equivalents,P
ZZ9,Total industry,2016Q1,19907,Actual,Kilotonnes,Carbon dioxide equivalents,P
ZZ9,Total industry,2016Q2,16229,Actual,Kilotonnes,Carbon dioxide equivalents,P
ZZ9,Total industry,2016Q3,17190,Actual,Kilotonnes,Carbon dioxide equivalents,P
ZZ9,Total industry,2016Q4,19031,Actual,Kilotonnes,Carbon dioxide equivalents,P
ZZ9,Total industry,2017Q1,19639,Actual,Kilotonnes,Carbon dioxide equivalents,P
ZZ9,Total industry,2017Q2,16464,Actual,Kilotonnes,Carbon dioxide equivalents,P
ZZ9,Total industry,2017Q3,17488,Actual,Kilotonnes,Carbon dioxide equivalents,P
ZZ9,Total industry,2017Q4,19943,Actual,Kilotonnes,Carbon dioxide equivalents,P
ZZ9,Total industry,2018Q1,20029,Actual,Kilotonnes,Carbon dioxide equivalents,P
ZZ9,Total industry,2018Q2,16346,Actual,Kilotonnes,Carbon dioxide equivalents,P
ZZ9,Total industry,2018Q3,17453,Actual,Kilotonnes,Carbon dioxide equivalents,P
ZZ9,Total industry,2018Q4,20068,Actual,Kilotonnes,Carbon dioxide equivalents,P
ZZ9,Total industry,2019Q1,21113,Actual,Kilotonnes,Carbon dioxide equivalents,P
ZZ9,Total industry,2019Q2,16911,Actual,Kilotonnes,Carbon dioxide equivalents,P
ZZ9,Total industry,2019Q3,17573,Actual,Kilotonnes,Carbon dioxide equivalents,P
ZZ9,Total industry,2019Q4,19973,Actual,Kilotonnes,Carbon dioxide equivalents,P
ZZ9,Total industry,2020Q1,20518,Actual,Kilotonnes,Carbon dioxide equivalents,P
ZZ9,Total industry,2020Q2,15417,Actual,Kilotonnes,Carbon dioxide equivalents,P
ZZ9,Total industry,2020Q3,16985,Actual,Kilotonnes,Carbon dioxide equivalents,P
ZZ9,Total industry,2020Q4,19157,Actual,Kilotonnes,Carbon dioxide equivalents,P
ZZ9,Total industry,2021Q1,20185,Actual,Kilotonnes,Carbon dioxide equivalents,P
ZZ9,Total industry,2021Q2,16917,Actual,Kilotonnes,Carbon dioxide equivalents,P
ZZ9,Total industry,2021Q3,15961,Actual,Kilotonnes,Carbon dioxide equivalents,P
ZZ9,Total industry,2021Q4,18368,Actual,Kilotonnes,Carbon dioxide equivalents,P
ZZ9,Total industry,2022Q1,19538,Actual,Kilotonnes,Carbon dioxide equivalents,P
ZZ9,Total industry,2022Q2,15778,Actual,Kilotonnes,Carbon dioxide equivalents,P
HHD,Households,2014Q1,1916,Actual,Kilotonnes,Carbon dioxide equivalents,P
HHD,Households,2014Q2,1994,Actual,Kilotonnes,Carbon dioxide equivalents,P
HHD,Households,2014Q3,2075,Actual,Kilotonnes,Carbon dioxide equivalents,P
HHD,Households,2014Q4,2053,Actual,Kilotonnes,Carbon dioxide equivalents,P
HHD,Households,2015Q1,2023,Actual,Kilotonnes,Carbon dioxide equivalents,P
HHD,Households,2015Q2,2083,Actual,Kilotonnes,Carbon dioxide equivalents,P
HHD,Households,2015Q3,2145,Actual,Kilotonnes,Carbon dioxide equivalents,P
HHD,Households,2015Q4,2165,Actual,Kilotonnes,Carbon dioxide equivalents,P
HHD,Households,2016Q1,2068,Actual,Kilotonnes,Carbon dioxide equivalents,P
HHD,Households,2016Q2,2100,Actual,Kilotonnes,Carbon dioxide equivalents,P
HHD,Households,2016Q3,2182,Actual,Kilotonnes,Carbon dioxide equivalents,P
HHD,Households,2016Q4,2214,Actual,Kilotonnes,Carbon dioxide equivalents,P
HHD,Households,2017Q1,2171,Actual,Kilotonnes,Carbon dioxide equivalents,P
HHD,Households,2017Q2,2250,Actual,Kilotonnes,Carbon dioxide equivalents,P
HHD,Households,2017Q3,2249,Actual,Kilotonnes,Carbon dioxide equivalents,P
HHD,Households,2017Q4,2269,Actual,Kilotonnes,Carbon dioxide equivalents,P
HHD,Households,2018Q1,2156,Actual,Kilotonnes,Carbon dioxide equivalents,P
HHD,Households,2018Q2,2226,Actual,Kilotonnes,Carbon dioxide equivalents,P
HHD,Households,2018Q3,2239,Actual,Kilotonnes,Carbon dioxide equivalents,P
HHD,Households,2018Q4,2339,Actual,Kilotonnes,Carbon dioxide equivalents,P
HHD,Households,2019Q1,2170,Actual,Kilotonnes,Carbon dioxide equivalents,P
HHD,Households,2019Q2,2227,Actual,Kilotonnes,Carbon dioxide equivalents,P
HHD,Households,2019Q3,2232,Actual,Kilotonnes,Carbon dioxide equivalents,P
HHD,Households,2019Q4,2231,Actual,Kilotonnes,Carbon dioxide equivalents,P
HHD,Households,2020Q1,2046,Actual,Kilotonnes,Carbon dioxide equivalents,P
HHD,Households,2020Q2,1544,Actual,Kilotonnes,Carbon dioxide equivalents,P
HHD,Households,2020Q3,2117,Actual,Kilotonnes,Carbon dioxide equivalents,P
HHD,Households,2020Q4,2215,Actual,Kilotonnes,Carbon dioxide equivalents,P
HHD,Households,2021Q1,2057,Actual,Kilotonnes,Carbon dioxide equivalents,P
HHD,Households,2021Q2,2145,Actual,Kilotonnes,Carbon dioxide equivalents,P
HHD,Households,2021Q3,1870,Actual,Kilotonnes,Carbon dioxide equivalents,P
HHD,Households,2021Q4,2012,Actual,Kilotonnes,Carbon dioxide equivalents,P
HHD,Households,2022Q1,1964,Actual,Kilotonnes,Carbon dioxide equivalents,P
HHD,Households,2022Q2,2022,Actual,Kilotonnes,Carbon dioxide equivalents,P
HH1,Transport,2014Q1,1758,Actual,Kilotonnes,Carbon dioxide equivalents,P
HH1,Transport,2014Q2,1768,Actual,Kilotonnes,Carbon dioxide equivalents,P
HH1,Transport,2014Q3,1788,Actual,Kilotonnes,Carbon dioxide equivalents,P
HH1,Transport,2014Q4,1849,Actual,Kilotonnes,Carbon dioxide equivalents,P
HH1,Transport,2015Q1,1863,Actual,Kilotonnes,Carbon dioxide equivalents,P
HH1,Transport,2015Q2,1841,Actual,Kilotonnes,Carbon dioxide equivalents,P
HH1,Transport,2015Q3,1830,Actual,Kilotonnes,Carbon dioxide equivalents,P
HH1,Transport,2015Q4,1956,Actual,Kilotonnes,Carbon dioxide equivalents,P
HH1,Transport,2016Q1,1904,Actual,Kilotonnes,Carbon dioxide equivalents,P
HH1,Transport,2016Q2,1871,Actual,Kilotonnes,Carbon dioxide equivalents,P
HH1,Transport,2016Q3,1888,Actual,Kilotonnes,Carbon dioxide equivalents,P
HH1,Transport,2016Q4,1999,Actual,Kilotonnes,Carbon dioxide equivalents,P
HH1,Transport,2017Q1,1990,Actual,Kilotonnes,Carbon dioxide equivalents,P
HH1,Transport,2017Q2,2004,Actual,Kilotonnes,Carbon dioxide equivalents,P
HH1,Transport,2017Q3,1942,Actual,Kilotonnes,Carbon dioxide equivalents,P
HH1,Transport,2017Q4,2065,Actual,Kilotonnes,Carbon dioxide equivalents,P
HH1,Transport,2018Q1,1982,Actual,Kilotonnes,Carbon dioxide equivalents,P
HH1,Transport,2018Q2,1975,Actual,Kilotonnes,Carbon dioxide equivalents,P
HH1,Transport,2018Q3,1939,Actual,Kilotonnes,Carbon dioxide equivalents,P
HH1,Transport,2018Q4,2124,Actual,Kilotonnes,Carbon dioxide equivalents,P
HH1,Transport,2019Q1,2004,Actual,Kilotonnes,Carbon dioxide equivalents,P
HH1,Transport,2019Q2,1979,Actual,Kilotonnes,Carbon dioxide equivalents,P
HH1,Transport,2019Q3,1925,Actual,Kilotonnes,Carbon dioxide equivalents,P
HH1,Transport,2019Q4,2010,Actual,Kilotonnes,Carbon dioxide equivalents,P
HH1,Transport,2020Q1,1871,Actual,Kilotonnes,Carbon dioxide equivalents,P
HH1,Transport,2020Q2,1305,Actual,Kilotonnes,Carbon dioxide equivalents,P
HH1,Transport,2020Q3,1807,Actual,Kilotonnes,Carbon dioxide equivalents,P
HH1,Transport,2020Q4,2002,Actual,Kilotonnes,Carbon dioxide equivalents,P
HH1,Transport,2021Q1,1890,Actual,Kilotonnes,Carbon dioxide equivalents,P
HH1,Transport,2021Q2,1905,Actual,Kilotonnes,Carbon dioxide equivalents,P
HH1,Transport,2021Q3,1563,Actual,Kilotonnes,Carbon dioxide equivalents,P
HH1,Transport,2021Q4,1803,Actual,Kilotonnes,Carbon dioxide equivalents,P
HH1,Transport,2022Q1,1802,Actual,Kilotonnes,Carbon dioxide equivalents,P
HH1,Transport,2022Q2,1800,Actual,Kilotonnes,Carbon dioxide equivalents,P
HH2,Heating/cooling,2014Q1,99,Actual,Kilotonnes,Carbon dioxide equivalents,P
HH2,Heating/cooling,2014Q2,165,Actual,Kilotonnes,Carbon dioxide equivalents,P
HH2,Heating/cooling,2014Q3,225,Actual,Kilotonnes,Carbon dioxide equivalents,P
HH2,Heating/cooling,2014Q4,142,Actual,Kilotonnes,Carbon dioxide equivalents,P
HH2,Heating/cooling,2015Q1,96,Actual,Kilotonnes,Carbon dioxide equivalents,P
HH2,Heating/cooling,2015Q2,175,Actual,Kilotonnes,Carbon dioxide equivalents,P
HH2,Heating/cooling,2015Q3,245,Actual,Kilotonnes,Carbon dioxide equivalents,P
HH2,Heating/cooling,2015Q4,145,Actual,Kilotonnes,Carbon dioxide equivalents,P
HH2,Heating/cooling,2016Q1,95,Actual,Kilotonnes,Carbon dioxide equivalents,P
HH2,Heating/cooling,2016Q2,164,Actual,Kilotonnes,Carbon dioxide equivalents,P
HH2,Heating/cooling,2016Q3,229,Actual,Kilotonnes,Carbon dioxide equivalents,P
HH2,Heating/cooling,2016Q4,147,Actual,Kilotonnes,Carbon dioxide equivalents,P
HH2,Heating/cooling,2017Q1,113,Actual,Kilotonnes,Carbon dioxide equivalents,P
HH2,Heating/cooling,2017Q2,180,Actual,Kilotonnes,Carbon dioxide equivalents,P
HH2,Heating/cooling,2017Q3,239,Actual,Kilotonnes,Carbon dioxide equivalents,P
HH2,Heating/cooling,2017Q4,137,Actual,Kilotonnes,Carbon dioxide equivalents,P
HH2,Heating/cooling,2018Q1,108,Actual,Kilotonnes,Carbon dioxide equivalents,P
HH2,Heating/cooling,2018Q2,183,Actual,Kilotonnes,Carbon dioxide equivalents,P
HH2,Heating/cooling,2018Q3,234,Actual,Kilotonnes,Carbon dioxide equivalents,P
HH2,Heating/cooling,2018Q4,147,Actual,Kilotonnes,Carbon dioxide equivalents,P
HH2,Heating/cooling,2019Q1,99,Actual,Kilotonnes,Carbon dioxide equivalents,P
HH2,Heating/cooling,2019Q2,182,Actual,Kilotonnes,Carbon dioxide equivalents,P
HH2,Heating/cooling,2019Q3,242,Actual,Kilotonnes,Carbon dioxide equivalents,P
HH2,Heating/cooling,2019Q4,156,Actual,Kilotonnes,Carbon dioxide equivalents,P
HH2,Heating/cooling,2020Q1,112,Actual,Kilotonnes,Carbon dioxide equivalents,P
HH2,Heating/cooling,2020Q2,177,Actual,Kilotonnes,Carbon dioxide equivalents,P
HH2,Heating/cooling,2020Q3,249,Actual,Kilotonnes,Carbon dioxide equivalents,P
HH2,Heating/cooling,2020Q4,152,Actual,Kilotonnes,Carbon dioxide equivalents,P
HH2,Heating/cooling,2021Q1,106,Actual,Kilotonnes,Carbon dioxide equivalents,P
HH2,Heating/cooling,2021Q2,180,Actual,Kilotonnes,Carbon dioxide equivalents,P
HH2,Heating/cooling,2021Q3,247,Actual,Kilotonnes,Carbon dioxide equivalents,P
HH2,Heating/cooling,2021Q4,150,Actual,Kilotonnes,Carbon dioxide equivalents,P
HH2,Heating/cooling,2022Q1,103,Actual,Kilotonnes,Carbon dioxide equivalents,P
HH2,Heating/cooling,2022Q2,163,Actual,Kilotonnes,Carbon dioxide equivalents,P
HH3,Other,2014Q1,60,Actual,Kilotonnes,Carbon dioxide equivalents,P
HH3,Other,2014Q2,61,Actual,Kilotonnes,Carbon dioxide equivalents,P
HH3,Other,2014Q3,62,Actual,Kilotonnes,Carbon dioxide equivalents,P
HH3,Other,2014Q4,62,Actual,Kilotonnes,Carbon dioxide equivalents,P
HH3,Other,2015Q1,63,Actual,Kilotonnes,Carbon dioxide equivalents,P
HH3,Other,2015Q2,67,Actual,Kilotonnes,Carbon dioxide equivalents,P
HH3,Other,2015Q3,70,Actual,Kilotonnes,Carbon dioxide equivalents,P
HH3,Other,2015Q4,64,Actual,Kilotonnes,Carbon dioxide equivalents,P
HH3,Other,2016Q1,69,Actual,Kilotonnes,Carbon dioxide equivalents,P
HH3,Other,2016Q2,66,Actual,Kilotonnes,Carbon dioxide equivalents,P
HH3,Other,2016Q3,65,Actual,Kilotonnes,Carbon dioxide equivalents,P
HH3,Other,2016Q4,68,Actual,Kilotonnes,Carbon dioxide equivalents,P
HH3,Other,2017Q1,68,Actual,Kilotonnes,Carbon dioxide equivalents,P
HH3,Other,2017Q2,66,Actual,Kilotonnes,Carbon dioxide equivalents,P
HH3,Other,2017Q3,68,Actual,Kilotonnes,Carbon dioxide equivalents,P
HH3,Other,2017Q4,67,Actual,Kilotonnes,Carbon dioxide equivalents,P
HH3,Other,2018Q1,66,Actual,Kilotonnes,Carbon dioxide equivalents,P
HH3,Other,2018Q2,68,Actual,Kilotonnes,Carbon dioxide equivalents,P
HH3,Other,2018Q3,66,Actual,Kilotonnes,Carbon dioxide equivalents,P
HH3,Other,2018Q4,68,Actual,Kilotonnes,Carbon dioxide equivalents,P
HH3,Other,2019Q1,67,Actual,Kilotonnes,Carbon dioxide equivalents,P
HH3,Other,2019Q2,66,Actual,Kilotonnes,Carbon dioxide equivalents,P
HH3,Other,2019Q3,65,Actual,Kilotonnes,Carbon dioxide equivalents,P
HH3,Other,2019Q4,65,Actual,Kilotonnes,Carbon dioxide equivalents,P
HH3,Other,2020Q1,63,Actual,Kilotonnes,Carbon dioxide equivalents,P
HH3,Other,2020Q2,62,Actual,Kilotonnes,Carbon dioxide equivalents,P
HH3,Other,2020Q3,61,Actual,Kilotonnes,Carbon dioxide equivalents,P
HH3,Other,2020Q4,61,Actual,Kilotonnes,Carbon dioxide equivalents,P
HH3,Other,2021Q1,61,Actual,Kilotonnes,Carbon dioxide equivalents,P
HH3,Other,2021Q2,60,Actual,Kilotonnes,Carbon dioxide equivalents,P
HH3,Other,2021Q3,60,Actual,Kilotonnes,Carbon dioxide equivalents,P
HH3,Other,2021Q4,59,Actual,Kilotonnes,Carbon dioxide equivalents,P
HH3,Other,2022Q1,59,Actual,Kilotonnes,Carbon dioxide equivalents,P
HH3,Other,2022Q2,59,Actual,Kilotonnes,Carbon dioxide equivalents,P
ZZZ,Total,2014Q1,22027,Actual,Kilotonnes,Carbon dioxide equivalents,P
ZZZ,Total,2014Q2,18654,Actual,Kilotonnes,Carbon dioxide equivalents,P
ZZZ,Total,2014Q3,19772,Actual,Kilotonnes,Carbon dioxide equivalents,P
ZZZ,Total,2014Q4,22372,Actual,Kilotonnes,Carbon dioxide equivalents,P
ZZZ,Total,2015Q1,22549,Actual,Kilotonnes,Carbon dioxide equivalents,P
ZZZ,Total,2015Q2,18644,Actual,Kilotonnes,Carbon dioxide equivalents,P
ZZZ,Total,2015Q3,19636,Actual,Kilotonnes,Carbon dioxide equivalents,P
ZZZ,Total,2015Q4,21987,Actual,Kilotonnes,Carbon dioxide equivalents,P
ZZZ,Total,2016Q1,21975,Actual,Kilotonnes,Carbon dioxide equivalents,P
ZZZ,Total,2016Q2,18330,Actual,Kilotonnes,Carbon dioxide equivalents,P
ZZZ,Total,2016Q3,19372,Actual,Kilotonnes,Carbon dioxide equivalents,P
ZZZ,Total,2016Q4,21246,Actual,Kilotonnes,Carbon dioxide equivalents,P
ZZZ,Total,2017Q1,21810,Actual,Kilotonnes,Carbon dioxide equivalents,P
ZZZ,Total,2017Q2,18714,Actual,Kilotonnes,Carbon dioxide equivalents,P
ZZZ,Total,2017Q3,19737,Actual,Kilotonnes,Carbon dioxide equivalents,P
ZZZ,Total,2017Q4,22213,Actual,Kilotonnes,Carbon dioxide equivalents,P
ZZZ,Total,2018Q1,22185,Actual,Kilotonnes,Carbon dioxide equivalents,P
ZZZ,Total,2018Q2,18572,Actual,Kilotonnes,Carbon dioxide equivalents,P
ZZZ,Total,2018Q3,19692,Actual,Kilotonnes,Carbon dioxide equivalents,P
ZZZ,Total,2018Q4,22407,Actual,Kilotonnes,Carbon dioxide equivalents,P
ZZZ,Total,2019Q1,23283,Actual,Kilotonnes,Carbon dioxide equivalents,P
ZZZ,Total,2019Q2,19138,Actual,Kilotonnes,Carbon dioxide equivalents,P
ZZZ,Total,2019Q3,19806,Actual,Kilotonnes,Carbon dioxide equivalents,P
ZZZ,Total,2019Q4,22204,Actual,Kilotonnes,Carbon dioxide equivalents,P
ZZZ,Total,2020Q1,22564,Actual,Kilotonnes,Carbon dioxide equivalents,P
ZZZ,Total,2020Q2,16961,Actual,Kilotonnes,Carbon dioxide equivalents,P
ZZZ,Total,2020Q3,19102,Actual,Kilotonnes,Carbon dioxide equivalents,P
ZZZ,Total,2020Q4,21372,Actual,Kilotonnes,Carbon dioxide equivalents,P
ZZZ,Total,2021Q1,22242,Actual,Kilotonnes,Carbon dioxide equivalents,P
ZZZ,Total,2021Q2,19063,Actual,Kilotonnes,Carbon dioxide equivalents,P
ZZZ,Total,2021Q3,17831,Actual,Kilotonnes,Carbon dioxide equivalents,P
ZZZ,Total,2021Q4,20380,Actual,Kilotonnes,Carbon dioxide equivalents,P
ZZZ,Total,2022Q1,21502,Actual,Kilotonnes,Carbon dioxide equivalents,P
ZZZ,Total,2022Q2,17800,Actual,Kilotonnes,Carbon dioxide equivalents,P
